,Montrose Beach,Ohio Street Beach,Calumet Beach,63rd Street Beach,Osterman Beach,Rainbow Beach
0,3.0,4.0,6.0,3.0,2.0,3.0
1,4.0,7.0,4.0,4.0,4.0,10.0
2,3.0,3.0,4.0,2.0,4.0,3.0
3,3.0,2.0,4.0,9.0,4.0,3.0
4,3.0,3.0,4.0,3.0,4.0,3.0
5,3.0,3.0,4.0,3.0,4.0,4.0
6,4.0,2.0,4.0,3.0,2.0,4.0
7,3.0,2.0,4.0,10.0,2.0,4.0
8,3.0,2.0,4.0,4.0,4.0,4.0
9,4.0,2.0,4.0,4.0,7.0,4.0
10,5.0,3.0,4.0,4.0,4.0,3.0
11,4.0,3.0,4.0,4.0,4.0,4.0
12,4.0,2.0,4.0,4.0,3.0,4.0
13,4.0,3.0,4.0,3.0,10.0,3.0
14,3.0,4.0,4.0,3.0,3.0,3.0
15,4.0,6.0,4.0,4.0,3.0,3.0
16,3.0,2.0,4.0,3.0,2.0,3.0
17,3.0,3.0,3.0,3.0,3.0,3.0
18,4.0,4.0,3.0,4.0,2.0,3.0
19,4.0,2.0,4.0,3.0,3.0,3.0
20,4.0,2.0,4.0,2.0,3.0,3.0
21,3.0,3.0,4.0,3.0,2.0,3.0
22,2.0,2.0,4.0,3.0,3.0,3.0
23,5.0,7.0,4.0,3.0,3.0,3.0
24,3.0,2.0,4.0,3.0,3.0,3.0
25,5.0,3.0,2.0,3.0,3.0,2.0
26,3.0,3.0,5.0,3.0,2.0,3.0
27,3.0,2.0,4.0,2.0,2.0,3.0
28,3.0,3.0,4.0,3.0,7.0,3.0
29,3.0,3.0,3.0,4.0,6.0,4.0
30,3.0,2.0,3.0,3.0,4.0,5.0
31,3.0,2.0,3.0,3.0,4.0,5.0
32,3.0,2.0,4.0,2.0,4.0,4.0
33,3.0,2.0,3.0,6.0,4.0,4.0
34,3.0,3.0,4.0,4.0,8.0,3.0
35,3.0,3.0,3.0,3.0,6.0,4.0
36,3.0,3.0,4.0,4.0,2.0,3.0
37,3.0,3.0,4.0,4.0,3.0,3.0
38,3.0,4.0,4.0,3.0,4.0,2.0
39,3.0,4.0,4.0,6.0,4.0,3.0
40,4.0,4.0,3.0,3.0,2.0,4.0
41,4.0,4.0,3.0,4.0,3.0,4.0
42,3.0,4.0,3.0,4.0,3.0,4.0
43,4.0,5.0,3.0,2.0,3.0,4.0
44,3.0,5.0,3.0,5.0,3.0,4.0
45,3.0,5.0,3.0,4.0,3.0,4.0
46,3.0,4.0,3.0,4.0,3.0,5.0
47,3.0,5.0,3.0,4.0,4.0,4.0
48,3.0,5.0,3.0,4.0,3.0,3.0
49,3.0,6.0,3.0,4.0,2.0,3.0
50,2.0,5.0,3.0,4.0,2.0,3.0
51,2.0,6.0,2.0,3.0,2.0,2.0
52,2.0,6.0,3.0,4.0,2.0,4.0
53,3.0,6.0,2.0,5.0,3.0,2.0
54,2.0,4.0,3.0,5.0,2.0,3.0
55,2.0,4.0,2.0,4.0,2.0,2.0
56,2.0,3.0,3.0,2.0,3.0,9.0
57,2.0,4.0,3.0,4.0,3.0,3.0
58,2.0,4.0,3.0,2.0,3.0,3.0
59,3.0,4.0,3.0,2.0,2.0,4.0
60,2.0,3.0,3.0,3.0,4.0,7.0
61,2.0,4.0,3.0,6.0,2.0,3.0
62,3.0,4.0,3.0,3.0,4.0,3.0
63,3.0,4.0,3.0,2.0,2.0,3.0
64,3.0,4.0,4.0,3.0,2.0,3.0
65,2.0,4.0,3.0,3.0,3.0,3.0
66,3.0,4.0,3.0,4.0,3.0,3.0
67,3.0,5.0,3.0,3.0,3.0,4.0
68,3.0,5.0,3.0,4.0,3.0,3.0
69,3.0,4.0,3.0,2.0,3.0,4.0
70,3.0,4.0,3.0,3.0,3.0,4.0
71,4.0,4.0,3.0,3.0,4.0,3.0
72,2.0,4.0,2.0,3.0,3.0,3.0
73,3.0,4.0,3.0,3.0,6.0,3.0
74,3.0,3.0,3.0,3.0,2.0,4.0
75,2.0,3.0,2.0,3.0,4.0,7.0
76,4.0,4.0,2.0,3.0,3.0,4.0
77,2.0,4.0,2.0,4.0,4.0,3.0
78,2.0,3.0,3.0,7.0,4.0,5.0
79,3.0,3.0,3.0,4.0,4.0,6.0
80,3.0,3.0,3.0,3.0,3.0,6.0
81,3.0,3.0,3.0,3.0,4.0,4.0
82,3.0,3.0,3.0,3.0,3.0,4.0
83,3.0,3.0,3.0,3.0,3.0,6.0
84,2.0,3.0,3.0,3.0,4.0,3.0
85,3.0,3.0,3.0,4.0,3.0,5.0
86,3.0,3.0,3.0,2.0,3.0,4.0
87,3.0,3.0,3.0,3.0,3.0,6.0
88,3.0,3.0,3.0,4.0,8.0,6.0
89,3.0,3.0,3.0,4.0,4.0,5.0
90,3.0,4.0,3.0,7.0,3.0,3.0
91,6.0,3.0,3.0,3.0,3.0,3.0
92,3.0,4.0,3.0,6.0,4.0,4.0
93,3.0,3.0,3.0,5.0,4.0,3.0
94,3.0,3.0,3.0,4.0,5.0,4.0
95,3.0,3.0,3.0,7.0,2.0,4.0
96,3.0,3.0,2.0,6.0,8.0,2.0
97,3.0,3.0,6.0,4.0,2.0,6.0
98,3.0,3.0,3.0,4.0,3.0,5.0
99,3.0,4.0,3.0,6.0,4.0,5.0
100,2.0,3.0,2.0,4.0,2.0,3.0
101,4.0,4.0,2.0,4.0,3.0,4.0
102,7.0,4.0,9.0,5.0,2.0,7.0
103,6.0,4.0,2.0,4.0,7.0,5.0
104,5.0,4.0,2.0,2.0,7.0,5.0
105,3.0,4.0,2.0,4.0,2.0,5.0
106,3.0,4.0,3.0,5.0,2.0,3.0
107,9.0,4.0,2.0,2.0,3.0,3.0
108,7.0,4.0,2.0,4.0,3.0,3.0
109,3.0,4.0,2.0,2.0,3.0,4.0
110,3.0,4.0,2.0,7.0,6.0,3.0
111,3.0,4.0,2.0,2.0,2.0,4.0
112,4.0,4.0,2.0,3.0,2.0,5.0
113,4.0,4.0,2.0,3.0,3.0,3.0
114,3.0,5.0,2.0,5.0,3.0,6.0
115,3.0,4.0,2.0,2.0,3.0,3.0
116,4.0,5.0,2.0,3.0,3.0,5.0
117,3.0,5.0,3.0,6.0,4.0,4.0
118,4.0,5.0,3.0,2.0,4.0,4.0
119,3.0,4.0,2.0,3.0,3.0,4.0
120,4.0,4.0,3.0,4.0,4.0,7.0
121,4.0,4.0,3.0,9.0,3.0,4.0
122,4.0,4.0,2.0,10.0,3.0,5.0
123,4.0,4.0,3.0,3.0,9.0,5.0
124,10.0,4.0,3.0,4.0,8.0,5.0
125,3.0,4.0,2.0,4.0,6.0,5.0
126,7.0,5.0,4.0,3.0,2.0,4.0
127,6.0,5.0,3.0,4.0,4.0,4.0
128,4.0,4.0,2.0,7.0,5.0,4.0
129,4.0,2.0,2.0,3.0,6.0,3.0
130,3.0,3.0,3.0,3.0,4.0,3.0
131,3.0,5.0,3.0,5.0,2.0,3.0
132,8.0,4.0,8.0,4.0,6.0,3.0
133,4.0,4.0,3.0,4.0,2.0,4.0
134,5.0,5.0,2.0,4.0,2.0,4.0
135,5.0,4.0,3.0,7.0,3.0,3.0
136,5.0,5.0,3.0,6.0,3.0,3.0
137,5.0,4.0,4.0,5.0,3.0,4.0
138,7.0,4.0,3.0,5.0,2.0,3.0
139,4.0,2.0,3.0,4.0,2.0,3.0
140,2.0,4.0,4.0,4.0,3.0,3.0
141,3.0,4.0,3.0,3.0,2.0,3.0
142,2.0,4.0,3.0,3.0,3.0,4.0
143,2.0,4.0,3.0,4.0,3.0,4.0
144,3.0,4.0,3.0,5.0,3.0,3.0
145,2.0,4.0,3.0,3.0,3.0,4.0
146,3.0,4.0,3.0,3.0,4.0,3.0
147,3.0,4.0,3.0,3.0,4.0,3.0
148,3.0,4.0,3.0,4.0,4.0,3.0
149,7.0,4.0,2.0,4.0,3.0,3.0
150,4.0,3.0,3.0,4.0,3.0,4.0
151,4.0,4.0,3.0,4.0,4.0,4.0
152,3.0,4.0,2.0,3.0,3.0,3.0
153,4.0,4.0,3.0,3.0,3.0,4.0
154,4.0,3.0,2.0,4.0,3.0,4.0
155,3.0,3.0,2.0,4.0,3.0,3.0
156,8.0,4.0,2.0,4.0,3.0,4.0
157,3.0,2.0,2.0,4.0,3.0,4.0
158,5.0,3.0,2.0,4.0,3.0,3.0
159,4.0,3.0,2.0,3.0,3.0,3.0
160,4.0,2.0,2.0,3.0,4.0,3.0
161,3.0,3.0,2.0,4.0,4.0,3.0
162,3.0,3.0,2.0,3.0,3.0,3.0
163,2.0,3.0,3.0,3.0,3.0,3.0
164,2.0,3.0,3.0,3.0,3.0,3.0
165,3.0,3.0,3.0,4.0,4.0,3.0
166,2.0,3.0,3.0,3.0,4.0,3.0
167,3.0,3.0,3.0,3.0,4.0,4.0
168,3.0,3.0,4.0,3.0,4.0,3.0
169,3.0,2.0,4.0,4.0,4.0,3.0
170,3.0,2.0,4.0,3.0,3.0,3.0
171,3.0,3.0,4.0,3.0,3.0,3.0
172,3.0,3.0,4.0,4.0,4.0,3.0
173,3.0,3.0,4.0,3.0,3.0,3.0
174,3.0,2.0,4.0,3.0,3.0,3.0
175,3.0,3.0,3.0,4.0,3.0,3.0
176,3.0,4.0,4.0,4.0,3.0,3.0
177,3.0,4.0,4.0,3.0,3.0,3.0
178,3.0,4.0,4.0,3.0,3.0,3.0
179,3.0,3.0,4.0,3.0,3.0,3.0
180,3.0,3.0,4.0,3.0,3.0,3.0
181,3.0,3.0,4.0,3.0,3.0,2.0
182,3.0,4.0,4.0,3.0,3.0,4.0
183,3.0,4.0,3.0,3.0,3.0,2.0
184,3.0,3.0,3.0,3.0,3.0,3.0
185,3.0,4.0,4.0,3.0,3.0,3.0
186,3.0,3.0,3.0,3.0,3.0,3.0
187,3.0,4.0,3.0,3.0,3.0,3.0
188,3.0,3.0,3.0,3.0,3.0,3.0
189,3.0,2.0,3.0,3.0,3.0,3.0
190,3.0,3.0,3.0,3.0,3.0,4.0
191,3.0,2.0,3.0,3.0,3.0,4.0
192,2.0,2.0,3.0,3.0,3.0,3.0
193,3.0,2.0,3.0,3.0,4.0,3.0
194,3.0,3.0,3.0,3.0,3.0,3.0
195,3.0,3.0,2.0,3.0,3.0,3.0
196,3.0,2.0,3.0,3.0,3.0,3.0
197,3.0,4.0,3.0,3.0,3.0,4.0
198,3.0,2.0,3.0,3.0,3.0,3.0
199,3.0,3.0,3.0,4.0,3.0,3.0
200,3.0,2.0,3.0,3.0,3.0,3.0
201,2.0,2.0,3.0,3.0,3.0,3.0
202,8.0,3.0,3.0,3.0,3.0,3.0
203,4.0,4.0,3.0,3.0,3.0,3.0
204,6.0,3.0,2.0,3.0,4.0,3.0
205,5.0,3.0,3.0,4.0,3.0,3.0
206,3.0,3.0,2.0,3.0,4.0,3.0
207,4.0,2.0,3.0,3.0,4.0,3.0
208,2.0,2.0,2.0,3.0,3.0,2.0
209,4.0,3.0,3.0,3.0,3.0,4.0
210,2.0,3.0,3.0,3.0,3.0,4.0
211,3.0,2.0,2.0,3.0,4.0,4.0
212,4.0,3.0,5.0,3.0,3.0,4.0
213,3.0,3.0,2.0,3.0,3.0,2.0
214,6.0,4.0,3.0,4.0,3.0,2.0
215,3.0,2.0,2.0,3.0,3.0,3.0
216,2.0,7.0,2.0,4.0,3.0,2.0
217,2.0,3.0,2.0,3.0,3.0,4.0
218,5.0,3.0,2.0,3.0,3.0,4.0
219,8.0,3.0,2.0,3.0,3.0,4.0
220,7.0,3.0,2.0,3.0,3.0,2.0
221,4.0,4.0,2.0,4.0,3.0,2.0
222,2.0,3.0,2.0,3.0,3.0,2.0
223,2.0,3.0,2.0,3.0,2.0,2.0
224,2.0,3.0,3.0,3.0,7.0,3.0
225,2.0,3.0,3.0,3.0,2.0,2.0
226,4.0,6.0,3.0,3.0,2.0,2.0
227,7.0,2.0,3.0,3.0,3.0,2.0
228,4.0,6.0,3.0,7.0,3.0,3.0
229,4.0,3.0,2.0,6.0,3.0,2.0
230,3.0,3.0,2.0,4.0,2.0,2.0
231,4.0,2.0,2.0,4.0,2.0,2.0
232,4.0,3.0,2.0,3.0,3.0,2.0
233,6.0,7.0,6.0,3.0,4.0,2.0
234,4.0,5.0,2.0,3.0,2.0,2.0
235,4.0,4.0,2.0,3.0,10.0,6.0
236,3.0,4.0,2.0,3.0,2.0,4.0
237,4.0,6.0,2.0,4.0,2.0,4.0
238,2.0,2.0,3.0,4.0,3.0,6.0
239,3.0,4.0,2.0,4.0,3.0,2.0
240,6.0,3.0,2.0,2.0,2.0,2.0
241,3.0,2.0,2.0,2.0,2.0,3.0
242,5.0,3.0,2.0,3.0,2.0,2.0
243,2.0,3.0,2.0,2.0,2.0,2.0
244,3.0,2.0,3.0,3.0,2.0,2.0
245,4.0,3.0,2.0,3.0,2.0,2.0
246,7.0,2.0,2.0,3.0,2.0,4.0
247,2.0,4.0,2.0,2.0,2.0,4.0
248,3.0,3.0,2.0,6.0,2.0,3.0
249,2.0,6.0,3.0,2.0,2.0,6.0
250,3.0,2.0,3.0,4.0,7.0,6.0
251,3.0,3.0,3.0,3.0,6.0,5.0
252,3.0,3.0,3.0,3.0,2.0,5.0
253,4.0,3.0,4.0,3.0,2.0,2.0
254,3.0,2.0,4.0,2.0,4.0,7.0
255,4.0,2.0,4.0,6.0,2.0,7.0
256,4.0,3.0,4.0,5.0,2.0,6.0
257,5.0,2.0,5.0,4.0,2.0,5.0
258,6.0,3.0,5.0,6.0,3.0,5.0
259,5.0,3.0,4.0,2.0,2.0,3.0
260,5.0,2.0,6.0,2.0,2.0,2.0
261,5.0,3.0,6.0,2.0,2.0,2.0
262,5.0,2.0,4.0,2.0,4.0,3.0
263,6.0,3.0,4.0,2.0,2.0,3.0
264,5.0,3.0,5.0,3.0,3.0,4.0
265,6.0,3.0,5.0,3.0,7.0,4.0
266,6.0,3.0,6.0,2.0,2.0,3.0
267,6.0,3.0,4.0,3.0,4.0,2.0
268,6.0,2.0,4.0,8.0,2.0,2.0
269,5.0,3.0,5.0,6.0,2.0,4.0
270,4.0,7.0,5.0,4.0,8.0,4.0
271,6.0,4.0,6.0,5.0,6.0,3.0
272,6.0,3.0,5.0,5.0,6.0,4.0
273,6.0,3.0,6.0,4.0,2.0,3.0
274,5.0,3.0,4.0,7.0,6.0,4.0
275,4.0,4.0,5.0,7.0,6.0,9.0
276,3.0,4.0,3.0,6.0,3.0,2.0
277,5.0,4.0,5.0,5.0,4.0,7.0
278,5.0,2.0,4.0,4.0,2.0,6.0
279,5.0,2.0,6.0,3.0,2.0,2.0
280,5.0,4.0,6.0,2.0,2.0,3.0
281,6.0,2.0,3.0,2.0,2.0,2.0
282,4.0,2.0,6.0,3.0,2.0,3.0
283,5.0,4.0,5.0,2.0,2.0,3.0
284,5.0,3.0,5.0,4.0,5.0,3.0
285,4.0,2.0,4.0,4.0,10.0,3.0
286,4.0,3.0,5.0,4.0,9.0,3.0
287,3.0,3.0,4.0,4.0,9.0,3.0
288,3.0,3.0,4.0,2.0,7.0,3.0
289,3.0,3.0,3.0,6.0,6.0,3.0
290,3.0,3.0,4.0,4.0,2.0,4.0
291,3.0,3.0,4.0,2.0,6.0,3.0
292,3.0,3.0,4.0,7.0,10.0,4.0
293,3.0,3.0,4.0,6.0,9.0,4.0
294,3.0,3.0,4.0,5.0,7.0,4.0
295,3.0,4.0,3.0,5.0,7.0,4.0
296,3.0,4.0,3.0,4.0,3.0,4.0
297,3.0,4.0,3.0,8.0,2.0,4.0
298,3.0,3.0,3.0,7.0,2.0,4.0
299,3.0,3.0,3.0,2.0,3.0,4.0
300,3.0,3.0,3.0,6.0,3.0,5.0
301,4.0,3.0,4.0,2.0,3.0,4.0
302,3.0,4.0,4.0,3.0,3.0,4.0
303,4.0,3.0,4.0,3.0,3.0,4.0
304,3.0,3.0,4.0,3.0,3.0,3.0
305,3.0,3.0,3.0,3.0,3.0,4.0
306,3.0,3.0,3.0,3.0,3.0,5.0
307,3.0,3.0,3.0,3.0,3.0,4.0
308,3.0,3.0,3.0,3.0,4.0,5.0
309,3.0,4.0,3.0,3.0,4.0,4.0
310,3.0,4.0,3.0,3.0,4.0,4.0
311,3.0,3.0,3.0,4.0,4.0,4.0
312,3.0,4.0,3.0,4.0,4.0,4.0
313,3.0,4.0,3.0,4.0,4.0,4.0
314,3.0,4.0,4.0,4.0,4.0,4.0
315,3.0,3.0,4.0,5.0,4.0,4.0
316,4.0,2.0,4.0,4.0,5.0,4.0
317,4.0,3.0,4.0,3.0,5.0,4.0
318,4.0,3.0,4.0,4.0,4.0,4.0
319,4.0,4.0,4.0,4.0,4.0,4.0
320,4.0,3.0,4.0,4.0,4.0,4.0
321,4.0,3.0,4.0,4.0,5.0,3.0
322,4.0,3.0,4.0,3.0,3.0,3.0
323,4.0,3.0,4.0,4.0,4.0,3.0
324,4.0,3.0,5.0,5.0,4.0,4.0
325,4.0,3.0,4.0,5.0,4.0,4.0
326,5.0,3.0,4.0,4.0,4.0,4.0
327,5.0,3.0,4.0,5.0,3.0,2.0
328,4.0,3.0,4.0,4.0,3.0,4.0
329,5.0,3.0,4.0,5.0,3.0,3.0
330,5.0,3.0,4.0,4.0,4.0,3.0
331,4.0,3.0,4.0,4.0,4.0,3.0
332,4.0,3.0,4.0,4.0,4.0,3.0
333,5.0,3.0,4.0,4.0,4.0,3.0
334,5.0,2.0,5.0,4.0,4.0,3.0
335,4.0,3.0,4.0,4.0,4.0,2.0
336,4.0,3.0,4.0,4.0,4.0,2.0
337,3.0,3.0,4.0,4.0,4.0,3.0
338,4.0,3.0,4.0,4.0,4.0,3.0
339,4.0,3.0,3.0,4.0,4.0,4.0
340,4.0,3.0,4.0,4.0,4.0,3.0
341,3.0,3.0,4.0,4.0,4.0,3.0
342,5.0,3.0,4.0,4.0,4.0,3.0
343,4.0,4.0,5.0,4.0,3.0,4.0
344,2.0,3.0,3.0,4.0,4.0,10.0
345,4.0,3.0,2.0,3.0,3.0,3.0
346,4.0,3.0,4.0,4.0,3.0,4.0
347,4.0,3.0,5.0,4.0,3.0,3.0
348,3.0,3.0,5.0,2.0,3.0,8.0
349,4.0,3.0,5.0,4.0,3.0,8.0
350,3.0,3.0,4.0,3.0,3.0,7.0
351,4.0,3.0,4.0,3.0,2.0,4.0
352,4.0,3.0,4.0,3.0,2.0,5.0
353,4.0,3.0,4.0,3.0,2.0,4.0
354,5.0,3.0,4.0,3.0,3.0,4.0
355,4.0,3.0,4.0,2.0,3.0,4.0
356,9.0,3.0,3.0,3.0,5.0,4.0
357,4.0,4.0,5.0,4.0,2.0,8.0
358,4.0,3.0,4.0,3.0,2.0,3.0
359,4.0,3.0,4.0,3.0,3.0,3.0
360,4.0,3.0,4.0,3.0,3.0,10.0
361,4.0,3.0,4.0,3.0,3.0,3.0
362,3.0,2.0,3.0,3.0,2.0,4.0
363,4.0,2.0,5.0,3.0,3.0,5.0
364,3.0,2.0,4.0,3.0,3.0,6.0
365,4.0,2.0,4.0,4.0,2.0,9.0
366,4.0,3.0,4.0,3.0,2.0,5.0
367,4.0,3.0,4.0,4.0,7.0,4.0
368,4.0,3.0,3.0,4.0,6.0,7.0
369,4.0,2.0,4.0,3.0,3.0,6.0
370,3.0,4.0,4.0,2.0,3.0,6.0
371,6.0,3.0,3.0,7.0,3.0,5.0
372,4.0,3.0,6.0,6.0,3.0,5.0
373,4.0,3.0,4.0,4.0,2.0,3.0
374,3.0,3.0,3.0,4.0,2.0,3.0
375,6.0,2.0,3.0,4.0,3.0,4.0
376,2.0,3.0,3.0,4.0,3.0,4.0
377,3.0,3.0,3.0,4.0,3.0,3.0
378,2.0,4.0,3.0,3.0,3.0,10.0
379,2.0,2.0,3.0,5.0,3.0,4.0
380,3.0,3.0,3.0,3.0,3.0,3.0
381,2.0,2.0,3.0,4.0,3.0,2.0
382,3.0,2.0,3.0,3.0,3.0,4.0
383,3.0,3.0,3.0,3.0,3.0,3.0
384,3.0,3.0,3.0,3.0,3.0,3.0
385,3.0,3.0,3.0,3.0,3.0,4.0
386,2.0,2.0,2.0,5.0,4.0,7.0
387,3.0,3.0,2.0,4.0,4.0,5.0
388,7.0,3.0,2.0,3.0,4.0,4.0
389,4.0,2.0,2.0,3.0,3.0,4.0
390,3.0,2.0,2.0,3.0,7.0,4.0
391,4.0,2.0,2.0,3.0,3.0,3.0
392,4.0,4.0,2.0,2.0,3.0,8.0
393,4.0,4.0,2.0,7.0,3.0,7.0
394,8.0,2.0,2.0,2.0,3.0,5.0
395,3.0,7.0,2.0,6.0,3.0,6.0
396,3.0,2.0,3.0,5.0,3.0,5.0
397,4.0,3.0,2.0,5.0,3.0,5.0
398,4.0,3.0,2.0,3.0,3.0,6.0
399,3.0,2.0,3.0,3.0,3.0,4.0
400,2.0,2.0,2.0,4.0,3.0,4.0
401,3.0,2.0,4.0,4.0,2.0,3.0
402,4.0,2.0,2.0,3.0,3.0,4.0
403,4.0,2.0,2.0,4.0,2.0,4.0
404,4.0,2.0,4.0,4.0,9.0,4.0
405,4.0,3.0,4.0,4.0,4.0,3.0
406,4.0,3.0,3.0,4.0,3.0,4.0
407,4.0,3.0,3.0,3.0,4.0,4.0
408,4.0,2.0,3.0,3.0,3.0,4.0
409,5.0,4.0,4.0,7.0,6.0,4.0
410,4.0,2.0,2.0,7.0,2.0,4.0
411,4.0,3.0,4.0,3.0,3.0,7.0
412,2.0,4.0,4.0,6.0,3.0,2.0
413,2.0,2.0,3.0,3.0,3.0,2.0
414,3.0,2.0,3.0,4.0,6.0,3.0
415,2.0,8.0,2.0,9.0,3.0,3.0
416,3.0,7.0,2.0,9.0,3.0,4.0
417,3.0,6.0,2.0,7.0,5.0,3.0
418,3.0,6.0,2.0,6.0,4.0,3.0
419,2.0,2.0,2.0,4.0,3.0,3.0
420,4.0,4.0,2.0,3.0,3.0,4.0
421,7.0,4.0,2.0,6.0,5.0,3.0
422,4.0,3.0,2.0,5.0,5.0,4.0
423,6.0,3.0,3.0,7.0,2.0,4.0
424,5.0,4.0,2.0,5.0,4.0,4.0
425,4.0,4.0,2.0,3.0,3.0,3.0
426,4.0,2.0,2.0,4.0,3.0,3.0
427,3.0,3.0,2.0,5.0,3.0,3.0
428,3.0,3.0,3.0,2.0,9.0,3.0
429,3.0,3.0,2.0,4.0,3.0,3.0
430,4.0,3.0,3.0,3.0,8.0,4.0
431,4.0,2.0,2.0,4.0,10.0,2.0
432,3.0,4.0,2.0,4.0,4.0,4.0
433,6.0,3.0,2.0,4.0,9.0,7.0
434,6.0,6.0,4.0,4.0,3.0,6.0
435,4.0,5.0,3.0,4.0,2.0,5.0
436,4.0,5.0,4.0,7.0,3.0,9.0
437,4.0,3.0,2.0,3.0,3.0,4.0
438,4.0,9.0,3.0,2.0,3.0,4.0
439,4.0,8.0,3.0,3.0,3.0,6.0
440,10.0,6.0,3.0,3.0,3.0,3.0
441,7.0,2.0,3.0,3.0,3.0,3.0
442,5.0,5.0,2.0,3.0,4.0,2.0
443,4.0,2.0,3.0,3.0,4.0,3.0
444,6.0,3.0,3.0,4.0,3.0,5.0
445,4.0,3.0,3.0,3.0,3.0,3.0
446,3.0,3.0,4.0,3.0,3.0,3.0
447,3.0,3.0,3.0,4.0,3.0,3.0
448,7.0,3.0,4.0,4.0,3.0,4.0
449,6.0,3.0,2.0,3.0,4.0,4.0
450,3.0,3.0,3.0,4.0,4.0,4.0
451,3.0,2.0,3.0,4.0,4.0,4.0
452,3.0,3.0,8.0,4.0,6.0,4.0
453,4.0,4.0,6.0,4.0,3.0,4.0
454,6.0,4.0,4.0,4.0,4.0,4.0
455,4.0,4.0,4.0,5.0,4.0,4.0
456,6.0,4.0,4.0,3.0,2.0,4.0
457,6.0,4.0,5.0,5.0,4.0,3.0
458,4.0,4.0,9.0,4.0,8.0,4.0
459,3.0,3.0,2.0,4.0,5.0,4.0
460,2.0,3.0,3.0,2.0,7.0,4.0
461,3.0,4.0,3.0,4.0,5.0,5.0
462,2.0,4.0,2.0,4.0,3.0,5.0
463,7.0,4.0,2.0,7.0,9.0,5.0
464,7.0,4.0,2.0,6.0,3.0,4.0
465,2.0,4.0,5.0,5.0,8.0,4.0
466,3.0,5.0,3.0,10.0,7.0,4.0
467,3.0,4.0,2.0,10.0,6.0,3.0
468,3.0,4.0,2.0,7.0,3.0,4.0
469,3.0,3.0,2.0,6.0,2.0,4.0
470,3.0,4.0,2.0,5.0,2.0,3.0
471,6.0,4.0,2.0,3.0,3.0,4.0
472,2.0,4.0,2.0,2.0,2.0,3.0
473,3.0,3.0,2.0,4.0,4.0,6.0
474,3.0,4.0,2.0,4.0,3.0,4.0
475,4.0,4.0,2.0,4.0,3.0,4.0
476,3.0,4.0,3.0,3.0,4.0,4.0
477,3.0,4.0,3.0,3.0,4.0,4.0
478,4.0,4.0,3.0,4.0,4.0,3.0
479,3.0,4.0,3.0,4.0,4.0,2.0
480,3.0,4.0,3.0,4.0,3.0,2.0
481,3.0,4.0,3.0,4.0,4.0,3.0
482,3.0,4.0,2.0,4.0,4.0,3.0
483,10.0,4.0,3.0,4.0,4.0,2.0
484,8.0,4.0,3.0,5.0,5.0,3.0
485,4.0,4.0,2.0,5.0,4.0,2.0
486,5.0,4.0,2.0,5.0,3.0,2.0
487,5.0,4.0,2.0,3.0,5.0,3.0
488,5.0,4.0,2.0,4.0,5.0,3.0
489,5.0,4.0,2.0,3.0,4.0,2.0
490,4.0,4.0,2.0,4.0,4.0,3.0
491,8.0,3.0,4.0,5.0,5.0,2.0
492,6.0,3.0,7.0,4.0,4.0,2.0
493,5.0,3.0,2.0,5.0,3.0,3.0
494,6.0,3.0,4.0,4.0,2.0,5.0
495,3.0,3.0,5.0,4.0,3.0,4.0
496,6.0,3.0,5.0,3.0,4.0,4.0
497,4.0,3.0,5.0,4.0,4.0,4.0
498,3.0,3.0,4.0,4.0,4.0,8.0
499,3.0,3.0,2.0,4.0,3.0,7.0
500,2.0,3.0,2.0,3.0,4.0,3.0
501,2.0,3.0,5.0,4.0,4.0,3.0
502,3.0,2.0,7.0,4.0,3.0,3.0
503,4.0,3.0,3.0,4.0,7.0,3.0
504,4.0,3.0,2.0,4.0,3.0,4.0
505,3.0,4.0,3.0,4.0,3.0,2.0
506,4.0,2.0,3.0,4.0,4.0,6.0
507,4.0,3.0,4.0,6.0,9.0,3.0
508,4.0,2.0,3.0,4.0,4.0,4.0
509,4.0,3.0,4.0,4.0,8.0,5.0
510,3.0,2.0,3.0,5.0,6.0,4.0
511,4.0,2.0,3.0,4.0,4.0,8.0
512,4.0,2.0,3.0,8.0,2.0,3.0
513,3.0,7.0,4.0,7.0,2.0,5.0
514,3.0,3.0,4.0,2.0,2.0,6.0
515,4.0,2.0,3.0,2.0,4.0,4.0
516,3.0,2.0,3.0,2.0,3.0,4.0
517,3.0,4.0,3.0,3.0,3.0,4.0
518,3.0,2.0,3.0,3.0,3.0,4.0
519,3.0,2.0,3.0,3.0,5.0,7.0
520,3.0,2.0,3.0,4.0,3.0,6.0
521,3.0,2.0,3.0,3.0,7.0,5.0
522,3.0,3.0,3.0,2.0,3.0,4.0
523,3.0,4.0,3.0,2.0,2.0,4.0
524,3.0,3.0,3.0,3.0,2.0,3.0
525,3.0,3.0,3.0,3.0,10.0,3.0
526,3.0,2.0,3.0,2.0,3.0,3.0
527,4.0,3.0,4.0,3.0,7.0,5.0
528,4.0,3.0,4.0,3.0,6.0,3.0
529,4.0,3.0,3.0,2.0,3.0,3.0
530,3.0,3.0,3.0,7.0,3.0,6.0
531,3.0,4.0,2.0,6.0,2.0,6.0
532,4.0,2.0,4.0,6.0,2.0,5.0
533,4.0,4.0,4.0,5.0,7.0,6.0
534,3.0,3.0,4.0,3.0,7.0,4.0
535,3.0,2.0,3.0,4.0,3.0,4.0
536,3.0,3.0,3.0,4.0,2.0,3.0
537,3.0,3.0,3.0,2.0,2.0,6.0
538,3.0,3.0,3.0,2.0,2.0,5.0
539,3.0,3.0,3.0,7.0,3.0,3.0
540,3.0,3.0,3.0,3.0,4.0,4.0
541,3.0,3.0,3.0,3.0,3.0,8.0
542,3.0,3.0,3.0,2.0,3.0,2.0
543,3.0,2.0,3.0,3.0,2.0,3.0
544,3.0,2.0,3.0,3.0,4.0,6.0
545,3.0,2.0,2.0,3.0,4.0,10.0
546,3.0,3.0,2.0,3.0,3.0,3.0
547,3.0,3.0,2.0,3.0,3.0,3.0
548,4.0,3.0,3.0,3.0,2.0,7.0
549,3.0,2.0,3.0,3.0,3.0,4.0
550,3.0,4.0,3.0,4.0,4.0,6.0
551,3.0,3.0,3.0,2.0,3.0,9.0
552,3.0,2.0,2.0,3.0,4.0,4.0
553,4.0,3.0,3.0,5.0,3.0,4.0
554,3.0,2.0,3.0,5.0,3.0,4.0
555,3.0,2.0,2.0,4.0,8.0,4.0
556,3.0,2.0,3.0,4.0,5.0,6.0
557,7.0,3.0,2.0,4.0,5.0,3.0
558,3.0,3.0,3.0,4.0,4.0,3.0
559,3.0,3.0,3.0,6.0,3.0,2.0
560,3.0,2.0,3.0,6.0,2.0,3.0
561,3.0,2.0,3.0,5.0,2.0,3.0
562,3.0,3.0,3.0,5.0,3.0,3.0
563,3.0,3.0,3.0,5.0,3.0,4.0
564,3.0,3.0,3.0,2.0,3.0,3.0
565,4.0,2.0,3.0,3.0,7.0,3.0
566,3.0,3.0,4.0,4.0,4.0,3.0
567,3.0,4.0,3.0,3.0,6.0,3.0
568,3.0,7.0,4.0,4.0,5.0,3.0
569,3.0,3.0,3.0,4.0,3.0,3.0
570,3.0,4.0,3.0,4.0,4.0,3.0
571,3.0,3.0,3.0,6.0,4.0,4.0
572,3.0,2.0,3.0,3.0,3.0,3.0
573,3.0,4.0,3.0,3.0,4.0,3.0
574,3.0,2.0,3.0,4.0,4.0,3.0
575,3.0,3.0,3.0,4.0,4.0,3.0
576,3.0,2.0,2.0,4.0,2.0,3.0
577,3.0,2.0,4.0,7.0,4.0,3.0
578,3.0,3.0,4.0,6.0,3.0,2.0
579,3.0,3.0,3.0,5.0,7.0,3.0
580,3.0,3.0,3.0,9.0,6.0,2.0
581,3.0,3.0,3.0,5.0,2.0,3.0
582,3.0,3.0,3.0,8.0,3.0,3.0
583,3.0,3.0,3.0,3.0,3.0,3.0
584,7.0,3.0,3.0,3.0,4.0,3.0
585,6.0,3.0,3.0,6.0,9.0,3.0
586,4.0,3.0,3.0,4.0,7.0,3.0
587,2.0,3.0,2.0,3.0,6.0,3.0
588,3.0,3.0,2.0,3.0,3.0,3.0
589,3.0,4.0,2.0,7.0,5.0,3.0
590,2.0,4.0,4.0,4.0,9.0,4.0
591,2.0,3.0,2.0,6.0,5.0,3.0
592,4.0,3.0,4.0,8.0,2.0,4.0
593,4.0,3.0,2.0,9.0,4.0,3.0
594,4.0,3.0,2.0,6.0,5.0,3.0
595,2.0,3.0,3.0,4.0,4.0,2.0
596,2.0,3.0,3.0,4.0,3.0,3.0
597,2.0,3.0,3.0,4.0,3.0,4.0
598,3.0,3.0,3.0,4.0,2.0,7.0
599,3.0,2.0,2.0,3.0,2.0,4.0
600,2.0,2.0,2.0,3.0,4.0,3.0
601,2.0,3.0,3.0,2.0,3.0,3.0
602,2.0,4.0,3.0,3.0,3.0,3.0
603,2.0,3.0,2.0,3.0,4.0,3.0
604,2.0,2.0,3.0,3.0,3.0,3.0
605,2.0,2.0,3.0,3.0,6.0,3.0
606,2.0,2.0,2.0,3.0,3.0,3.0
607,2.0,4.0,3.0,4.0,4.0,3.0
608,2.0,6.0,2.0,7.0,3.0,3.0
609,9.0,4.0,2.0,4.0,4.0,3.0
610,8.0,5.0,3.0,5.0,3.0,5.0
611,6.0,3.0,3.0,3.0,3.0,3.0
612,2.0,3.0,2.0,4.0,7.0,3.0
613,5.0,7.0,8.0,3.0,3.0,3.0
614,4.0,6.0,4.0,4.0,3.0,3.0
615,2.0,3.0,2.0,6.0,4.0,2.0
616,2.0,3.0,3.0,6.0,4.0,2.0
617,2.0,3.0,2.0,5.0,4.0,3.0
618,3.0,3.0,2.0,4.0,4.0,8.0
619,3.0,3.0,2.0,4.0,2.0,7.0
620,2.0,4.0,2.0,3.0,3.0,4.0
621,2.0,3.0,3.0,3.0,2.0,4.0
622,4.0,3.0,2.0,2.0,3.0,5.0
623,4.0,3.0,4.0,3.0,3.0,3.0
624,4.0,4.0,3.0,3.0,3.0,8.0
625,7.0,4.0,2.0,3.0,3.0,4.0
626,3.0,5.0,2.0,3.0,2.0,2.0
627,4.0,3.0,6.0,2.0,3.0,10.0
628,4.0,4.0,5.0,3.0,3.0,3.0
629,9.0,4.0,9.0,3.0,2.0,3.0
630,8.0,5.0,9.0,3.0,2.0,2.0
631,7.0,4.0,2.0,4.0,3.0,7.0
632,5.0,4.0,3.0,3.0,2.0,6.0
633,2.0,3.0,7.0,4.0,3.0,4.0
634,3.0,3.0,3.0,4.0,3.0,3.0
635,5.0,3.0,5.0,3.0,3.0,2.0
636,3.0,5.0,2.0,2.0,3.0,2.0
637,2.0,5.0,2.0,3.0,6.0,3.0
638,2.0,4.0,2.0,2.0,3.0,2.0
639,2.0,4.0,3.0,4.0,4.0,7.0
641,2.0,4.0,3.0,3.0,3.0,7.0
642,2.0,4.0,4.0,4.0,3.0,6.0
643,4.0,4.0,4.0,3.0,3.0,4.0
644,5.0,2.0,3.0,7.0,3.0,5.0
645,4.0,3.0,2.0,6.0,3.0,8.0
646,9.0,4.0,3.0,3.0,2.0,7.0
647,8.0,4.0,9.0,3.0,3.0,7.0
648,7.0,4.0,2.0,3.0,3.0,6.0
649,6.0,3.0,2.0,3.0,3.0,4.0
650,5.0,3.0,4.0,3.0,3.0,4.0
651,6.0,2.0,4.0,3.0,10.0,4.0
652,10.0,3.0,2.0,3.0,3.0,3.0
653,9.0,4.0,4.0,2.0,3.0,3.0
654,8.0,4.0,5.0,3.0,6.0,10.0
655,6.0,4.0,9.0,3.0,2.0,4.0
656,3.0,3.0,2.0,2.0,2.0,8.0
657,2.0,4.0,3.0,2.0,2.0,9.0
658,2.0,7.0,6.0,5.0,2.0,7.0
659,3.0,4.0,2.0,4.0,2.0,6.0
660,3.0,2.0,3.0,2.0,2.0,6.0
661,3.0,2.0,3.0,2.0,2.0,4.0
662,3.0,2.0,3.0,3.0,2.0,4.0
663,3.0,3.0,3.0,3.0,2.0,8.0
664,3.0,3.0,3.0,4.0,3.0,4.0
665,3.0,3.0,3.0,3.0,3.0,7.0
666,3.0,3.0,3.0,4.0,3.0,7.0
667,4.0,3.0,3.0,4.0,3.0,6.0
668,3.0,3.0,3.0,3.0,3.0,5.0
669,4.0,3.0,3.0,3.0,3.0,10.0
670,3.0,3.0,4.0,2.0,3.0,4.0
671,4.0,3.0,4.0,2.0,3.0,3.0
672,4.0,3.0,4.0,8.0,2.0,3.0
673,4.0,3.0,4.0,3.0,2.0,3.0
674,3.0,3.0,4.0,3.0,3.0,3.0
675,4.0,2.0,4.0,3.0,4.0,3.0
676,4.0,3.0,4.0,2.0,7.0,3.0
677,4.0,6.0,4.0,4.0,2.0,3.0
678,4.0,5.0,4.0,3.0,2.0,4.0
679,4.0,3.0,4.0,2.0,9.0,4.0
680,4.0,2.0,5.0,2.0,6.0,7.0
681,4.0,2.0,4.0,3.0,3.0,4.0
682,4.0,2.0,4.0,4.0,3.0,5.0
683,3.0,2.0,2.0,4.0,7.0,4.0
684,5.0,2.0,4.0,7.0,2.0,4.0
685,4.0,2.0,4.0,10.0,10.0,4.0
686,3.0,3.0,3.0,6.0,10.0,4.0
687,3.0,3.0,4.0,7.0,7.0,4.0
688,4.0,3.0,4.0,6.0,3.0,2.0
689,4.0,3.0,4.0,6.0,3.0,2.0
690,4.0,3.0,4.0,10.0,3.0,2.0
691,4.0,2.0,4.0,2.0,3.0,3.0
692,4.0,3.0,4.0,7.0,3.0,7.0
693,4.0,3.0,4.0,6.0,3.0,6.0
694,4.0,2.0,4.0,6.0,3.0,6.0
695,4.0,3.0,4.0,4.0,10.0,4.0
696,3.0,3.0,4.0,5.0,9.0,2.0
697,4.0,3.0,4.0,4.0,9.0,3.0
698,4.0,3.0,4.0,4.0,3.0,3.0
699,3.0,2.0,4.0,4.0,3.0,2.0
700,4.0,3.0,2.0,3.0,10.0,3.0
701,4.0,3.0,2.0,3.0,6.0,3.0
702,8.0,3.0,2.0,3.0,3.0,3.0
703,3.0,4.0,2.0,8.0,4.0,3.0
704,4.0,4.0,2.0,7.0,4.0,2.0
705,3.0,3.0,3.0,6.0,4.0,2.0
706,2.0,2.0,3.0,4.0,4.0,3.0
707,3.0,3.0,3.0,3.0,8.0,3.0
708,3.0,2.0,3.0,5.0,4.0,3.0
709,3.0,4.0,3.0,3.0,6.0,4.0
710,3.0,2.0,3.0,8.0,3.0,4.0
711,3.0,2.0,3.0,3.0,3.0,4.0
712,3.0,3.0,2.0,3.0,3.0,4.0
713,3.0,3.0,3.0,3.0,3.0,5.0
714,4.0,3.0,3.0,3.0,3.0,5.0
715,3.0,3.0,2.0,3.0,4.0,4.0
716,3.0,2.0,3.0,3.0,3.0,5.0
717,3.0,3.0,2.0,3.0,4.0,5.0
718,2.0,3.0,3.0,3.0,3.0,5.0
719,2.0,3.0,3.0,3.0,3.0,5.0
720,2.0,2.0,2.0,6.0,4.0,5.0
721,4.0,2.0,3.0,3.0,2.0,4.0
722,2.0,2.0,2.0,3.0,3.0,4.0
723,2.0,2.0,2.0,7.0,3.0,3.0
724,3.0,2.0,4.0,3.0,2.0,4.0
725,3.0,2.0,2.0,3.0,4.0,4.0
726,2.0,2.0,2.0,3.0,4.0,4.0
727,7.0,2.0,2.0,3.0,3.0,5.0
728,6.0,3.0,3.0,3.0,2.0,4.0
729,5.0,3.0,2.0,3.0,2.0,4.0
730,4.0,6.0,2.0,3.0,3.0,3.0
731,3.0,3.0,2.0,5.0,3.0,5.0
732,3.0,3.0,2.0,3.0,3.0,6.0
733,4.0,8.0,2.0,3.0,3.0,4.0
734,3.0,8.0,2.0,3.0,4.0,5.0
735,3.0,5.0,2.0,4.0,3.0,4.0
736,3.0,3.0,2.0,7.0,4.0,6.0
737,3.0,3.0,2.0,3.0,4.0,4.0
738,3.0,3.0,2.0,4.0,3.0,5.0
739,3.0,6.0,2.0,4.0,4.0,4.0
740,3.0,2.0,2.0,4.0,5.0,4.0
741,3.0,4.0,2.0,4.0,3.0,5.0
742,3.0,3.0,2.0,3.0,7.0,3.0
743,3.0,3.0,2.0,4.0,7.0,5.0
744,6.0,2.0,2.0,3.0,4.0,4.0
745,2.0,2.0,2.0,4.0,3.0,4.0
746,4.0,3.0,2.0,3.0,4.0,4.0
747,9.0,2.0,2.0,6.0,4.0,5.0
748,4.0,2.0,2.0,4.0,4.0,4.0
749,3.0,3.0,2.0,4.0,7.0,4.0
750,7.0,4.0,2.0,4.0,6.0,4.0
751,5.0,4.0,2.0,7.0,5.0,4.0
752,4.0,7.0,2.0,6.0,5.0,4.0
753,3.0,4.0,2.0,4.0,4.0,2.0
754,4.0,3.0,2.0,3.0,4.0,3.0
755,4.0,3.0,2.0,4.0,4.0,3.0
756,4.0,3.0,3.0,4.0,3.0,3.0
757,4.0,3.0,3.0,4.0,3.0,3.0
758,3.0,3.0,3.0,4.0,3.0,4.0
759,4.0,4.0,3.0,4.0,4.0,5.0
760,4.0,3.0,3.0,3.0,3.0,8.0
761,3.0,3.0,3.0,4.0,10.0,4.0
762,4.0,4.0,2.0,2.0,9.0,6.0
763,7.0,3.0,2.0,5.0,2.0,4.0
764,3.0,3.0,4.0,4.0,4.0,4.0
765,4.0,3.0,3.0,4.0,7.0,4.0
766,3.0,3.0,4.0,4.0,3.0,2.0
767,7.0,3.0,3.0,5.0,3.0,3.0
768,6.0,3.0,2.0,3.0,4.0,2.0
769,3.0,3.0,2.0,5.0,5.0,7.0
770,4.0,3.0,2.0,4.0,5.0,3.0
771,4.0,3.0,2.0,7.0,5.0,2.0
772,9.0,3.0,2.0,6.0,6.0,7.0
773,4.0,3.0,2.0,4.0,3.0,3.0
774,7.0,3.0,2.0,4.0,4.0,5.0
775,6.0,3.0,2.0,2.0,3.0,5.0
776,2.0,4.0,2.0,2.0,4.0,6.0
777,4.0,3.0,2.0,3.0,3.0,6.0
778,5.0,3.0,3.0,3.0,2.0,5.0
779,3.0,2.0,6.0,5.0,2.0,9.0
780,3.0,4.0,3.0,5.0,5.0,4.0
781,3.0,3.0,3.0,4.0,4.0,7.0
782,5.0,4.0,2.0,4.0,5.0,7.0
783,4.0,3.0,3.0,4.0,4.0,6.0
784,7.0,2.0,4.0,3.0,3.0,5.0
785,4.0,4.0,2.0,3.0,3.0,3.0
786,3.0,4.0,3.0,3.0,3.0,2.0
787,3.0,3.0,2.0,3.0,4.0,5.0
788,3.0,3.0,2.0,3.0,3.0,5.0
789,4.0,3.0,2.0,3.0,3.0,2.0
790,4.0,3.0,4.0,3.0,3.0,4.0
791,9.0,3.0,2.0,3.0,3.0,4.0
792,4.0,3.0,2.0,2.0,3.0,5.0
793,4.0,3.0,2.0,3.0,3.0,4.0
794,6.0,3.0,3.0,3.0,3.0,4.0
795,2.0,3.0,3.0,4.0,3.0,5.0
796,3.0,3.0,3.0,4.0,4.0,4.0
797,3.0,3.0,2.0,4.0,4.0,3.0
798,3.0,2.0,3.0,5.0,4.0,4.0
799,3.0,3.0,3.0,2.0,4.0,6.0
800,3.0,3.0,4.0,4.0,4.0,6.0
801,3.0,2.0,4.0,3.0,3.0,5.0
802,3.0,6.0,3.0,3.0,5.0,4.0
803,4.0,2.0,3.0,3.0,4.0,4.0
804,4.0,2.0,3.0,3.0,3.0,8.0
805,4.0,2.0,3.0,3.0,4.0,7.0
806,4.0,7.0,2.0,4.0,3.0,6.0
807,4.0,3.0,3.0,4.0,4.0,3.0
808,4.0,2.0,4.0,6.0,4.0,4.0
809,3.0,5.0,4.0,4.0,4.0,2.0
810,4.0,3.0,3.0,5.0,3.0,3.0
811,4.0,2.0,3.0,5.0,6.0,9.0
812,3.0,3.0,3.0,4.0,5.0,4.0
813,3.0,3.0,3.0,5.0,4.0,3.0
814,8.0,2.0,2.0,4.0,4.0,3.0
815,5.0,3.0,3.0,5.0,5.0,3.0
816,4.0,2.0,3.0,5.0,4.0,3.0
817,5.0,3.0,4.0,4.0,4.0,4.0
818,4.0,3.0,2.0,6.0,4.0,5.0
819,9.0,2.0,4.0,5.0,4.0,3.0
820,8.0,3.0,4.0,5.0,4.0,6.0
821,2.0,2.0,3.0,2.0,4.0,3.0
822,7.0,3.0,4.0,5.0,4.0,3.0
823,6.0,3.0,3.0,5.0,6.0,9.0
824,3.0,3.0,4.0,3.0,5.0,2.0
825,3.0,2.0,3.0,4.0,7.0,8.0
826,9.0,2.0,7.0,4.0,4.0,7.0
827,8.0,2.0,6.0,4.0,5.0,6.0
828,6.0,2.0,9.0,7.0,3.0,4.0
829,6.0,3.0,2.0,5.0,3.0,5.0
830,2.0,6.0,3.0,4.0,4.0,7.0
831,2.0,4.0,2.0,5.0,7.0,6.0
832,2.0,5.0,6.0,5.0,4.0,5.0
833,2.0,3.0,3.0,6.0,6.0,4.0
834,2.0,7.0,4.0,4.0,2.0,2.0
835,4.0,6.0,2.0,2.0,4.0,4.0
836,3.0,3.0,3.0,5.0,4.0,3.0
837,3.0,3.0,4.0,3.0,2.0,3.0
838,4.0,3.0,3.0,3.0,4.0,9.0
839,3.0,3.0,4.0,3.0,3.0,4.0
840,5.0,3.0,4.0,3.0,3.0,2.0
841,3.0,3.0,4.0,3.0,2.0,7.0
842,4.0,2.0,4.0,3.0,2.0,7.0
843,4.0,3.0,3.0,3.0,3.0,6.0
844,4.0,3.0,3.0,4.0,3.0,3.0
845,6.0,2.0,6.0,3.0,3.0,3.0
846,5.0,2.0,4.0,3.0,2.0,6.0
847,4.0,5.0,5.0,5.0,3.0,9.0
848,3.0,3.0,5.0,5.0,3.0,7.0
849,4.0,3.0,4.0,4.0,3.0,6.0
850,4.0,2.0,4.0,5.0,4.0,9.0
851,4.0,10.0,3.0,4.0,3.0,8.0
852,4.0,3.0,3.0,4.0,3.0,7.0
853,5.0,2.0,5.0,5.0,4.0,7.0
854,4.0,7.0,4.0,4.0,3.0,6.0
855,4.0,3.0,5.0,4.0,4.0,4.0
856,4.0,3.0,2.0,4.0,4.0,5.0
857,4.0,3.0,2.0,4.0,6.0,4.0
858,4.0,3.0,2.0,4.0,3.0,6.0
859,4.0,3.0,4.0,3.0,4.0,5.0
860,4.0,2.0,4.0,3.0,4.0,3.0
861,4.0,2.0,4.0,5.0,3.0,3.0
862,2.0,3.0,4.0,5.0,4.0,9.0
863,4.0,3.0,4.0,3.0,5.0,4.0
864,4.0,3.0,4.0,5.0,4.0,7.0
865,4.0,2.0,4.0,4.0,4.0,7.0
866,8.0,3.0,3.0,4.0,4.0,6.0
867,3.0,3.0,3.0,5.0,5.0,7.0
868,4.0,2.0,5.0,4.0,4.0,3.0
869,4.0,2.0,3.0,4.0,2.0,2.0
870,4.0,2.0,3.0,4.0,4.0,3.0
871,10.0,9.0,3.0,2.0,4.0,4.0
872,8.0,8.0,4.0,2.0,4.0,5.0
873,6.0,6.0,4.0,3.0,2.0,6.0
874,3.0,5.0,3.0,3.0,2.0,6.0
875,2.0,4.0,3.0,3.0,4.0,4.0
876,2.0,2.0,4.0,3.0,4.0,6.0
877,2.0,4.0,2.0,3.0,3.0,6.0
878,2.0,2.0,3.0,3.0,4.0,6.0
879,2.0,3.0,2.0,3.0,4.0,7.0
880,3.0,7.0,2.0,3.0,2.0,3.0
881,10.0,6.0,6.0,5.0,2.0,9.0
882,4.0,3.0,2.0,3.0,2.0,7.0
883,3.0,3.0,3.0,5.0,2.0,7.0
884,7.0,3.0,2.0,2.0,2.0,7.0
885,2.0,4.0,2.0,4.0,2.0,7.0
886,6.0,3.0,2.0,4.0,2.0,7.0
887,3.0,4.0,3.0,6.0,3.0,7.0
888,3.0,2.0,2.0,4.0,2.0,6.0
889,3.0,2.0,2.0,4.0,3.0,6.0
890,7.0,2.0,3.0,2.0,3.0,7.0
891,6.0,3.0,3.0,2.0,3.0,7.0
892,3.0,3.0,3.0,3.0,3.0,8.0
893,3.0,3.0,3.0,2.0,3.0,6.0
894,4.0,3.0,2.0,7.0,4.0,4.0
895,3.0,2.0,3.0,3.0,3.0,8.0
896,7.0,3.0,3.0,3.0,3.0,7.0
897,7.0,4.0,4.0,6.0,2.0,6.0
898,9.0,4.0,3.0,3.0,2.0,3.0
899,3.0,4.0,4.0,3.0,2.0,6.0
900,3.0,4.0,2.0,4.0,2.0,5.0
901,2.0,4.0,6.0,4.0,3.0,6.0
902,3.0,4.0,3.0,8.0,2.0,6.0
903,4.0,4.0,3.0,6.0,2.0,3.0
904,4.0,4.0,3.0,6.0,2.0,4.0
905,3.0,4.0,2.0,4.0,3.0,4.0
906,3.0,4.0,3.0,5.0,2.0,4.0
907,4.0,4.0,2.0,10.0,3.0,4.0
908,5.0,3.0,2.0,3.0,3.0,4.0
909,3.0,4.0,2.0,7.0,2.0,4.0
910,4.0,4.0,4.0,4.0,6.0,4.0
911,3.0,4.0,2.0,3.0,3.0,4.0
912,7.0,4.0,2.0,5.0,3.0,4.0
913,5.0,5.0,3.0,5.0,3.0,4.0
914,4.0,5.0,2.0,3.0,2.0,3.0
915,4.0,4.0,3.0,3.0,2.0,4.0
916,5.0,5.0,3.0,3.0,3.0,4.0
917,4.0,5.0,4.0,4.0,6.0,4.0
918,8.0,4.0,3.0,3.0,2.0,4.0
919,6.0,5.0,3.0,2.0,2.0,4.0
920,5.0,4.0,4.0,2.0,8.0,3.0
921,5.0,5.0,8.0,4.0,6.0,3.0
922,4.0,5.0,2.0,4.0,4.0,3.0
923,1.0,4.0,5.0,3.0,10.0,6.0
924,4.0,4.0,2.0,4.0,10.0,3.0
925,4.0,3.0,2.0,2.0,7.0,5.0
926,3.0,5.0,2.0,4.0,3.0,4.0
927,4.0,4.0,4.0,4.0,4.0,4.0
928,4.0,4.0,3.0,6.0,2.0,6.0
929,2.0,5.0,3.0,4.0,2.0,4.0
930,3.0,5.0,3.0,4.0,4.0,4.0
931,2.0,3.0,6.0,4.0,3.0,4.0
932,4.0,5.0,2.0,2.0,4.0,6.0
933,5.0,5.0,4.0,4.0,3.0,10.0
934,3.0,4.0,2.0,6.0,4.0,9.0
935,3.0,4.0,2.0,3.0,4.0,4.0
936,3.0,5.0,4.0,3.0,4.0,5.0
937,7.0,5.0,2.0,4.0,3.0,10.0
938,6.0,5.0,2.0,4.0,5.0,3.0
939,6.0,4.0,2.0,5.0,5.0,3.0
940,1.0,5.0,2.0,7.0,2.0,2.0
941,9.0,5.0,2.0,6.0,3.0,3.0
942,8.0,4.0,2.0,4.0,2.0,3.0
943,6.0,5.0,2.0,3.0,2.0,4.0
944,3.0,4.0,2.0,4.0,3.0,3.0
945,3.0,2.0,3.0,3.0,3.0,4.0
946,3.0,4.0,2.0,4.0,7.0,4.0
947,9.0,4.0,3.0,3.0,5.0,4.0
948,8.0,4.0,2.0,4.0,3.0,4.0
949,5.0,4.0,4.0,2.0,9.0,4.0
950,4.0,3.0,3.0,4.0,3.0,4.0
951,5.0,4.0,3.0,4.0,4.0,4.0
952,5.0,3.0,3.0,2.0,6.0,4.0
953,5.0,3.0,4.0,5.0,6.0,4.0
954,4.0,2.0,3.0,3.0,4.0,4.0
955,6.0,3.0,2.0,4.0,4.0,5.0
956,4.0,3.0,2.0,2.0,3.0,5.0
957,4.0,3.0,4.0,4.0,8.0,4.0
958,3.0,3.0,8.0,5.0,7.0,5.0
959,8.0,3.0,3.0,2.0,6.0,4.0
960,2.0,3.0,6.0,2.0,2.0,4.0
961,2.0,3.0,5.0,2.0,2.0,4.0
962,2.0,3.0,2.0,2.0,4.0,3.0
963,3.0,2.0,3.0,6.0,3.0,4.0
964,3.0,3.0,3.0,5.0,3.0,4.0
965,3.0,3.0,3.0,6.0,7.0,3.0
966,3.0,3.0,3.0,5.0,5.0,4.0
967,3.0,2.0,3.0,4.0,3.0,3.0
968,7.0,3.0,3.0,4.0,3.0,3.0
969,3.0,3.0,3.0,3.0,6.0,5.0
970,3.0,3.0,3.0,4.0,2.0,3.0
971,3.0,2.0,3.0,3.0,2.0,5.0
972,3.0,3.0,3.0,5.0,2.0,5.0
973,2.0,2.0,3.0,3.0,3.0,5.0
974,3.0,3.0,4.0,4.0,3.0,4.0
975,7.0,3.0,3.0,7.0,2.0,4.0
976,4.0,2.0,3.0,7.0,2.0,5.0
977,4.0,3.0,5.0,3.0,6.0,4.0
978,5.0,3.0,3.0,7.0,2.0,5.0
979,3.0,3.0,3.0,6.0,2.0,5.0
980,4.0,3.0,3.0,5.0,3.0,4.0
981,4.0,3.0,3.0,5.0,2.0,4.0
982,3.0,3.0,4.0,5.0,7.0,5.0
983,3.0,6.0,2.0,4.0,5.0,5.0
984,3.0,2.0,3.0,9.0,2.0,5.0
985,3.0,10.0,3.0,7.0,2.0,5.0
986,2.0,9.0,3.0,5.0,2.0,4.0
987,3.0,10.0,3.0,5.0,9.0,4.0
988,3.0,3.0,2.0,3.0,2.0,4.0
989,2.0,2.0,2.0,3.0,3.0,4.0
990,2.0,2.0,3.0,5.0,2.0,4.0
991,7.0,3.0,3.0,4.0,2.0,3.0
992,3.0,3.0,2.0,3.0,2.0,4.0
993,4.0,4.0,2.0,10.0,2.0,4.0
994,3.0,3.0,3.0,3.0,2.0,4.0
995,4.0,3.0,3.0,8.0,7.0,4.0
996,2.0,5.0,2.0,4.0,2.0,4.0
997,3.0,3.0,3.0,4.0,4.0,3.0
998,2.0,4.0,2.0,6.0,3.0,3.0
999,4.0,3.0,3.0,9.0,2.0,4.0
1000,4.0,3.0,2.0,8.0,7.0,3.0
1001,6.0,4.0,2.0,6.0,4.0,3.0
1002,3.0,3.0,2.0,4.0,3.0,4.0
1003,3.0,3.0,2.0,2.0,4.0,3.0
1004,7.0,2.0,3.0,7.0,3.0,3.0
1005,6.0,3.0,3.0,6.0,9.0,4.0
1006,3.0,6.0,3.0,5.0,7.0,4.0
1007,3.0,5.0,3.0,9.0,6.0,3.0
1008,3.0,4.0,3.0,7.0,4.0,4.0
1009,3.0,2.0,2.0,6.0,7.0,7.0
1010,3.0,4.0,3.0,6.0,2.0,4.0
1011,3.0,2.0,3.0,5.0,2.0,4.0
1012,3.0,3.0,3.0,4.0,2.0,4.0
1013,3.0,6.0,3.0,5.0,2.0,5.0
1014,4.0,3.0,2.0,7.0,2.0,3.0
1015,3.0,3.0,3.0,4.0,2.0,4.0
1016,3.0,2.0,3.0,4.0,3.0,4.0
1017,6.0,3.0,3.0,4.0,2.0,3.0
1018,5.0,8.0,2.0,3.0,2.0,3.0
1019,2.0,4.0,2.0,7.0,2.0,3.0
1020,2.0,3.0,2.0,7.0,2.0,9.0
1021,8.0,3.0,2.0,7.0,7.0,9.0
1022,7.0,3.0,2.0,6.0,2.0,10.0
1023,3.0,4.0,2.0,3.0,9.0,8.0
1024,4.0,3.0,2.0,7.0,6.0,6.0
1025,2.0,5.0,2.0,8.0,3.0,7.0
1026,5.0,2.0,2.0,2.0,9.0,4.0
1027,3.0,2.0,3.0,3.0,8.0,5.0
1028,3.0,3.0,3.0,4.0,6.0,4.0
1029,3.0,2.0,2.0,4.0,2.0,3.0
1030,2.0,2.0,2.0,5.0,2.0,3.0
1031,3.0,2.0,2.0,7.0,3.0,4.0
1035,3.0,7.0,2.0,6.0,2.0,4.0
1036,3.0,4.0,2.0,7.0,2.0,10.0
1037,3.0,6.0,2.0,7.0,9.0,3.0
1038,5.0,5.0,3.0,7.0,2.0,2.0
1039,3.0,2.0,7.0,6.0,4.0,2.0
1041,2.0,5.0,3.0,3.0,7.0,5.0
1042,2.0,2.0,3.0,3.0,10.0,5.0
1043,5.0,3.0,2.0,3.0,7.0,9.0
1044,6.0,3.0,9.0,3.0,9.0,8.0
1047,6.0,2.0,3.0,6.0,4.0,4.0
1049,4.0,2.0,7.0,3.0,6.0,4.0
1050,9.0,2.0,6.0,3.0,6.0,3.0
1051,7.0,4.0,10.0,3.0,3.0,4.0
1052,6.0,4.0,2.0,3.0,8.0,3.0
1053,3.0,6.0,2.0,3.0,2.0,4.0
1054,3.0,3.0,2.0,6.0,6.0,4.0
1055,4.0,2.0,3.0,3.0,8.0,4.0
1067,4.0,3.0,2.0,3.0,4.0,5.0
1070,3.0,2.0,3.0,3.0,7.0,4.0
1071,8.0,3.0,8.0,3.0,3.0,5.0
1072,3.0,2.0,3.0,3.0,3.0,5.0
1073,6.0,2.0,2.0,3.0,7.0,5.0
1083,3.0,2.0,3.0,3.0,7.0,4.0
1084,3.0,6.0,7.0,3.0,8.0,4.0
1085,3.0,4.0,5.0,3.0,7.0,4.0
1086,3.0,4.0,3.0,3.0,6.0,4.0
1105,4.0,5.0,2.0,3.0,4.0,3.0
1106,4.0,4.0,2.0,9.0,4.0,3.0
1107,7.0,4.0,2.0,7.0,3.0,4.0
1136,5.0,6.0,2.0,4.0,5.0,4.0
1144,2.0,3.0,3.0,4.0,3.0,4.0
1149,3.0,2.0,4.0,6.0,6.0,3.0
1151,3.0,3.0,3.0,5.0,4.0,3.0
1152,3.0,3.0,3.0,9.0,9.0,3.0
1153,3.0,4.0,3.0,4.0,3.0,3.0
1154,6.0,3.0,3.0,6.0,6.0,4.0
1158,2.0,2.0,3.0,7.0,4.0,3.0
1159,3.0,7.0,4.0,6.0,7.0,3.0
1160,3.0,5.0,3.0,6.0,4.0,5.0
1163,3.0,4.0,4.0,5.0,3.0,3.0
1164,4.0,4.0,5.0,4.0,3.0,3.0
1165,4.0,2.0,3.0,4.0,3.0,5.0
1166,3.0,3.0,3.0,3.0,2.0,4.0
1167,4.0,8.0,3.0,3.0,7.0,8.0
1170,8.0,3.0,3.0,3.0,8.0,6.0
1171,3.0,2.0,3.0,5.0,4.0,5.0
1172,3.0,7.0,3.0,4.0,6.0,4.0
1174,4.0,8.0,3.0,6.0,6.0,4.0
1176,3.0,7.0,5.0,5.0,8.0,4.0
1177,4.0,3.0,4.0,4.0,8.0,4.0
1178,4.0,3.0,6.0,4.0,4.0,3.0
1179,4.0,2.0,4.0,4.0,4.0,4.0
1180,4.0,3.0,5.0,7.0,9.0,4.0
1181,5.0,2.0,5.0,6.0,9.0,3.0
1182,5.0,5.0,5.0,4.0,7.0,4.0
1184,4.0,4.0,5.0,9.0,5.0,9.0
1185,3.0,3.0,4.0,6.0,4.0,7.0
1186,6.0,6.0,5.0,4.0,4.0,3.0
1187,5.0,6.0,6.0,3.0,5.0,4.0
1188,5.0,3.0,5.0,8.0,2.0,4.0
1193,3.0,3.0,5.0,4.0,3.0,6.0
1194,9.0,3.0,4.0,4.0,2.0,4.0
1195,8.0,4.0,4.0,6.0,2.0,5.0
1196,6.0,3.0,8.0,3.0,3.0,2.0
1197,5.0,7.0,5.0,5.0,4.0,3.0
1199,2.0,4.0,6.0,4.0,7.0,3.0
1200,4.0,6.0,7.0,2.0,3.0,4.0
1201,5.0,8.0,4.0,4.0,6.0,4.0
1203,3.0,8.0,6.0,2.0,4.0,3.0
1205,2.0,6.0,5.0,3.0,6.0,4.0
1206,3.0,8.0,4.0,3.0,3.0,4.0
1207,3.0,8.0,3.0,3.0,3.0,4.0
1208,3.0,7.0,3.0,2.0,4.0,4.0
1209,2.0,8.0,3.0,2.0,4.0,4.0
1210,3.0,8.0,3.0,6.0,4.0,4.0
1211,3.0,8.0,3.0,2.0,7.0,4.0
1212,3.0,8.0,3.0,2.0,6.0,4.0
1214,5.0,8.0,4.0,2.0,9.0,4.0
1215,3.0,7.0,5.0,3.0,3.0,4.0
1216,6.0,7.0,3.0,4.0,2.0,4.0
1217,4.0,6.0,6.0,2.0,4.0,4.0
1218,6.0,6.0,6.0,4.0,8.0,3.0
1219,4.0,7.0,6.0,3.0,4.0,3.0
1220,6.0,7.0,3.0,2.0,2.0,4.0
1233,3.0,3.0,3.0,3.0,9.0,4.0
1234,4.0,5.0,4.0,4.0,4.0,5.0
1251,2.0,3.0,3.0,4.0,9.0,4.0
1252,2.0,3.0,3.0,7.0,8.0,4.0
1253,2.0,2.0,2.0,6.0,7.0,2.0
1254,8.0,3.0,2.0,5.0,7.0,9.0
1255,2.0,3.0,9.0,9.0,8.0,9.0
1265,8.0,3.0,3.0,2.0,6.0,3.0
1269,2.0,3.0,3.0,3.0,4.0,3.0
1270,2.0,3.0,2.0,6.0,3.0,3.0
1276,5.0,8.0,2.0,4.0,4.0,3.0
1277,2.0,3.0,2.0,7.0,4.0,3.0
1278,3.0,4.0,3.0,7.0,3.0,3.0
1279,2.0,2.0,7.0,6.0,4.0,4.0
1280,2.0,4.0,6.0,4.0,3.0,3.0
1281,4.0,2.0,3.0,4.0,4.0,4.0
1283,6.0,3.0,10.0,4.0,6.0,4.0
1294,4.0,4.0,2.0,4.0,4.0,4.0
1295,3.0,4.0,2.0,4.0,3.0,4.0
1296,4.0,6.0,2.0,4.0,4.0,4.0
1297,4.0,5.0,2.0,3.0,4.0,4.0
1298,4.0,5.0,3.0,4.0,3.0,4.0
1299,4.0,10.0,2.0,5.0,2.0,4.0
1309,7.0,6.0,2.0,5.0,4.0,4.0
1314,4.0,3.0,3.0,6.0,3.0,4.0
1325,3.0,2.0,4.0,6.0,3.0,3.0
1327,8.0,7.0,2.0,6.0,7.0,4.0
1334,3.0,2.0,4.0,7.0,3.0,3.0
1337,3.0,5.0,2.0,9.0,2.0,5.0
1344,2.0,2.0,3.0,6.0,3.0,3.0
1345,2.0,3.0,3.0,4.0,8.0,4.0
1349,3.0,3.0,2.0,6.0,6.0,9.0
1363,3.0,7.0,3.0,7.0,3.0,6.0
1364,4.0,5.0,2.0,6.0,9.0,3.0
1367,5.0,3.0,3.0,6.0,6.0,2.0
1377,2.0,3.0,4.0,6.0,3.0,4.0
1378,2.0,3.0,7.0,6.0,4.0,3.0
1379,4.0,3.0,6.0,6.0,3.0,3.0
1380,2.0,3.0,9.0,5.0,4.0,3.0
1381,9.0,2.0,2.0,6.0,7.0,3.0
1382,8.0,4.0,7.0,6.0,7.0,3.0
1383,6.0,2.0,10.0,4.0,5.0,4.0
1384,4.0,3.0,2.0,6.0,3.0,5.0
1385,3.0,3.0,2.0,5.0,4.0,5.0
1386,7.0,3.0,6.0,6.0,3.0,5.0
1387,5.0,2.0,10.0,5.0,6.0,5.0
1388,10.0,3.0,6.0,4.0,6.0,6.0
1389,8.0,3.0,8.0,4.0,2.0,6.0
1390,6.0,3.0,7.0,4.0,3.0,7.0
1391,6.0,3.0,2.0,4.0,3.0,6.0
1392,4.0,3.0,2.0,4.0,3.0,6.0
1393,3.0,3.0,2.0,3.0,4.0,5.0
1394,3.0,3.0,2.0,4.0,3.0,6.0
1395,3.0,4.0,2.0,4.0,2.0,5.0
1396,2.0,3.0,3.0,4.0,4.0,5.0
1397,4.0,3.0,2.0,4.0,4.0,5.0
1398,4.0,3.0,2.0,4.0,3.0,5.0
1399,4.0,3.0,2.0,4.0,4.0,5.0
1400,4.0,3.0,7.0,4.0,3.0,4.0
1401,7.0,8.0,7.0,4.0,8.0,4.0
1402,6.0,2.0,2.0,4.0,3.0,4.0
1403,7.0,3.0,4.0,4.0,3.0,4.0
1404,10.0,3.0,6.0,4.0,3.0,4.0
1405,7.0,3.0,3.0,4.0,3.0,4.0
1406,9.0,3.0,9.0,4.0,10.0,4.0
1407,3.0,3.0,9.0,4.0,7.0,4.0
1408,3.0,3.0,2.0,6.0,3.0,4.0
1409,5.0,3.0,2.0,3.0,5.0,4.0
1410,6.0,3.0,4.0,4.0,6.0,4.0
1411,6.0,3.0,5.0,3.0,2.0,4.0
1412,7.0,4.0,6.0,4.0,2.0,4.0
1413,4.0,4.0,2.0,4.0,3.0,4.0
1414,9.0,4.0,4.0,3.0,5.0,4.0
1415,7.0,3.0,3.0,3.0,8.0,5.0
1416,7.0,4.0,6.0,3.0,2.0,4.0
1417,6.0,4.0,8.0,3.0,3.0,4.0
1418,7.0,4.0,6.0,2.0,3.0,4.0
1419,6.0,4.0,7.0,4.0,10.0,3.0
1420,6.0,4.0,2.0,2.0,8.0,7.0
1421,3.0,4.0,6.0,2.0,2.0,5.0
1422,3.0,4.0,5.0,2.0,10.0,4.0
1423,3.0,3.0,2.0,2.0,10.0,4.0
1424,3.0,4.0,3.0,3.0,6.0,4.0
1425,3.0,4.0,3.0,3.0,6.0,4.0
1426,7.0,4.0,3.0,3.0,4.0,4.0
1427,4.0,4.0,3.0,3.0,7.0,4.0
1428,8.0,3.0,2.0,3.0,7.0,4.0
1429,6.0,3.0,4.0,3.0,8.0,4.0
1430,3.0,3.0,3.0,3.0,8.0,4.0
1431,6.0,3.0,7.0,2.0,8.0,4.0
1432,3.0,3.0,7.0,6.0,8.0,4.0
1433,3.0,3.0,2.0,5.0,3.0,4.0
1434,3.0,3.0,2.0,5.0,3.0,3.0
1435,3.0,3.0,2.0,5.0,7.0,5.0
1436,3.0,4.0,2.0,4.0,3.0,4.0
1437,3.0,2.0,2.0,2.0,4.0,4.0
1438,7.0,3.0,2.0,4.0,8.0,3.0
1439,6.0,3.0,2.0,7.0,7.0,4.0
1440,7.0,3.0,7.0,4.0,9.0,3.0
1441,5.0,3.0,7.0,7.0,8.0,3.0
1442,6.0,3.0,6.0,3.0,8.0,4.0
1443,6.0,3.0,7.0,4.0,6.0,3.0
1444,7.0,4.0,5.0,2.0,6.0,3.0
1445,6.0,2.0,6.0,4.0,7.0,4.0
1446,6.0,2.0,5.0,4.0,6.0,4.0
1447,6.0,3.0,7.0,8.0,6.0,3.0
1448,4.0,2.0,7.0,2.0,8.0,3.0
1449,3.0,3.0,7.0,6.0,3.0,4.0
1450,7.0,3.0,7.0,6.0,2.0,3.0
1451,2.0,3.0,4.0,3.0,6.0,3.0
1452,3.0,3.0,3.0,3.0,7.0,3.0
1453,3.0,3.0,6.0,7.0,6.0,4.0
1454,4.0,3.0,2.0,6.0,7.0,4.0
1455,3.0,3.0,2.0,2.0,4.0,4.0
1456,6.0,3.0,3.0,2.0,4.0,5.0
1457,6.0,3.0,6.0,5.0,3.0,3.0
1458,4.0,3.0,6.0,4.0,3.0,2.0
1459,3.0,3.0,2.0,3.0,9.0,5.0
1460,7.0,3.0,3.0,3.0,3.0,3.0
1461,3.0,3.0,5.0,3.0,7.0,4.0
1462,4.0,3.0,5.0,4.0,6.0,2.0
1463,6.0,3.0,4.0,3.0,6.0,6.0
1464,6.0,3.0,6.0,4.0,10.0,5.0
1465,4.0,3.0,4.0,4.0,3.0,3.0
1466,4.0,3.0,5.0,4.0,4.0,3.0
1467,4.0,4.0,3.0,5.0,5.0,4.0
1468,3.0,3.0,3.0,6.0,3.0,6.0
1469,4.0,4.0,2.0,4.0,4.0,6.0
1470,4.0,3.0,3.0,4.0,8.0,5.0
1471,4.0,3.0,3.0,6.0,2.0,5.0
1472,4.0,3.0,4.0,5.0,4.0,2.0
1473,4.0,3.0,4.0,5.0,3.0,7.0
1474,4.0,3.0,4.0,6.0,4.0,4.0
1475,4.0,3.0,4.0,6.0,9.0,4.0
1476,3.0,3.0,5.0,6.0,10.0,9.0
1477,4.0,3.0,3.0,6.0,8.0,7.0
1478,3.0,4.0,4.0,6.0,7.0,3.0
1479,4.0,4.0,4.0,6.0,6.0,3.0
1480,3.0,4.0,3.0,5.0,4.0,4.0
1481,4.0,4.0,2.0,5.0,6.0,5.0
1482,3.0,4.0,4.0,5.0,4.0,4.0
1483,4.0,4.0,4.0,4.0,6.0,2.0
1484,4.0,4.0,3.0,4.0,6.0,5.0
1485,3.0,4.0,3.0,4.0,5.0,4.0
1486,3.0,4.0,4.0,5.0,6.0,7.0
1487,4.0,4.0,3.0,5.0,4.0,5.0
1488,4.0,4.0,4.0,4.0,6.0,6.0
1489,3.0,4.0,2.0,4.0,5.0,3.0
1490,9.0,4.0,3.0,4.0,4.0,8.0
1491,8.0,3.0,2.0,4.0,3.0,6.0
1492,4.0,3.0,4.0,4.0,2.0,6.0
1493,4.0,3.0,2.0,4.0,3.0,4.0
1494,4.0,3.0,3.0,4.0,2.0,3.0
1495,4.0,4.0,4.0,3.0,8.0,9.0
1496,4.0,3.0,3.0,4.0,7.0,5.0
1497,4.0,4.0,3.0,4.0,6.0,5.0
1498,7.0,4.0,3.0,4.0,2.0,9.0
1499,9.0,3.0,3.0,9.0,5.0,4.0
1500,4.0,4.0,3.0,4.0,3.0,4.0
1501,3.0,4.0,2.0,3.0,3.0,7.0
1502,4.0,4.0,6.0,5.0,3.0,6.0
1503,3.0,4.0,2.0,4.0,3.0,6.0
1504,4.0,4.0,3.0,3.0,2.0,3.0
1505,4.0,4.0,3.0,8.0,6.0,3.0
1506,3.0,3.0,3.0,7.0,3.0,2.0
1507,7.0,4.0,5.0,3.0,6.0,7.0
1508,5.0,4.0,2.0,4.0,6.0,7.0
1509,4.0,4.0,3.0,4.0,6.0,6.0
1510,6.0,4.0,3.0,4.0,6.0,6.0
1511,5.0,4.0,3.0,4.0,5.0,3.0
1512,3.0,4.0,4.0,7.0,4.0,4.0
1513,3.0,4.0,7.0,6.0,3.0,2.0
1514,3.0,4.0,6.0,5.0,3.0,4.0
1515,6.0,4.0,4.0,5.0,3.0,5.0
1516,4.0,4.0,4.0,8.0,3.0,6.0
1517,6.0,4.0,7.0,4.0,3.0,5.0
1518,6.0,3.0,2.0,3.0,3.0,5.0
1519,4.0,3.0,9.0,5.0,4.0,6.0
1520,7.0,3.0,3.0,6.0,6.0,6.0
1521,4.0,3.0,4.0,3.0,3.0,8.0
1522,3.0,4.0,6.0,4.0,3.0,7.0
1523,3.0,3.0,3.0,4.0,3.0,5.0
1524,3.0,3.0,2.0,3.0,3.0,7.0
1525,4.0,3.0,3.0,3.0,3.0,7.0
1526,3.0,4.0,3.0,3.0,3.0,7.0
1527,6.0,8.0,2.0,3.0,2.0,5.0
1528,3.0,4.0,2.0,3.0,3.0,6.0
1529,8.0,3.0,7.0,4.0,3.0,6.0
1530,7.0,3.0,2.0,3.0,3.0,6.0
1531,10.0,3.0,4.0,3.0,3.0,5.0
1532,3.0,4.0,3.0,3.0,6.0,5.0
1533,2.0,4.0,2.0,6.0,4.0,5.0
1534,6.0,4.0,3.0,4.0,3.0,5.0
1535,7.0,3.0,2.0,3.0,4.0,5.0
1536,4.0,4.0,4.0,3.0,3.0,4.0
1537,6.0,4.0,2.0,2.0,3.0,4.0
1538,7.0,3.0,8.0,4.0,4.0,4.0
1539,7.0,4.0,8.0,4.0,3.0,4.0
1540,9.0,4.0,7.0,3.0,3.0,3.0
1541,8.0,4.0,3.0,4.0,3.0,4.0
1542,4.0,3.0,3.0,4.0,4.0,4.0
1543,8.0,4.0,2.0,6.0,4.0,4.0
1544,5.0,4.0,2.0,4.0,4.0,4.0
1545,6.0,4.0,6.0,4.0,4.0,3.0
1546,3.0,3.0,2.0,4.0,4.0,4.0
1547,3.0,3.0,4.0,3.0,4.0,3.0
1548,6.0,3.0,2.0,7.0,3.0,3.0
1549,5.0,6.0,2.0,6.0,3.0,3.0
1550,3.0,3.0,2.0,5.0,3.0,4.0
1551,6.0,3.0,3.0,5.0,3.0,3.0
1552,3.0,3.0,6.0,9.0,3.0,3.0
1553,4.0,5.0,6.0,3.0,4.0,3.0
1554,4.0,8.0,2.0,7.0,3.0,4.0
1555,3.0,7.0,2.0,7.0,3.0,4.0
1556,4.0,3.0,2.0,6.0,3.0,4.0
1557,2.0,3.0,2.0,5.0,3.0,3.0
1558,4.0,3.0,2.0,5.0,3.0,4.0
1559,8.0,3.0,2.0,5.0,4.0,4.0
1560,7.0,3.0,2.0,9.0,3.0,4.0
1561,5.0,3.0,6.0,6.0,3.0,3.0
1562,5.0,5.0,2.0,3.0,4.0,4.0
1563,4.0,7.0,4.0,8.0,3.0,4.0
1564,8.0,4.0,2.0,3.0,4.0,4.0
1565,6.0,5.0,6.0,5.0,4.0,3.0
1566,3.0,6.0,2.0,2.0,4.0,4.0
1567,5.0,6.0,3.0,3.0,4.0,3.0
1568,4.0,5.0,4.0,6.0,4.0,4.0
1569,4.0,4.0,3.0,4.0,4.0,3.0
1570,4.0,6.0,4.0,3.0,4.0,3.0
1571,9.0,4.0,3.0,4.0,3.0,3.0
1572,8.0,8.0,2.0,9.0,3.0,6.0
1573,6.0,8.0,2.0,7.0,4.0,3.0
1574,3.0,8.0,2.0,4.0,3.0,3.0
1575,10.0,8.0,7.0,6.0,4.0,3.0
1576,3.0,3.0,2.0,3.0,4.0,3.0
1577,4.0,8.0,2.0,3.0,4.0,4.0
1578,9.0,7.0,2.0,2.0,4.0,3.0
1579,9.0,8.0,2.0,2.0,3.0,6.0
1580,4.0,7.0,2.0,4.0,3.0,5.0
1581,2.0,7.0,3.0,5.0,3.0,3.0
1582,8.0,7.0,2.0,2.0,3.0,3.0
1583,7.0,4.0,4.0,3.0,3.0,5.0
1584,2.0,7.0,3.0,3.0,3.0,3.0
1585,2.0,5.0,4.0,3.0,3.0,4.0
1586,4.0,4.0,4.0,3.0,3.0,3.0
1587,5.0,6.0,4.0,4.0,2.0,3.0
1588,2.0,6.0,7.0,4.0,3.0,8.0
1589,7.0,7.0,4.0,4.0,3.0,4.0
1590,6.0,7.0,2.0,4.0,4.0,3.0
1591,4.0,7.0,2.0,4.0,5.0,6.0
1592,4.0,6.0,2.0,4.0,3.0,5.0
1593,4.0,6.0,2.0,4.0,2.0,5.0
1594,6.0,5.0,4.0,4.0,2.0,4.0
1595,4.0,5.0,4.0,4.0,2.0,4.0
1596,4.0,4.0,2.0,5.0,3.0,6.0
1597,3.0,5.0,6.0,5.0,3.0,6.0
1598,4.0,4.0,3.0,5.0,3.0,10.0
1599,7.0,5.0,8.0,5.0,3.0,3.0
1600,4.0,3.0,2.0,5.0,3.0,8.0
1601,7.0,5.0,7.0,5.0,3.0,4.0
1602,3.0,6.0,3.0,3.0,3.0,7.0
1603,5.0,5.0,7.0,4.0,3.0,6.0
1604,7.0,4.0,8.0,4.0,3.0,5.0
1605,5.0,3.0,7.0,3.0,3.0,3.0
1606,7.0,3.0,5.0,6.0,3.0,4.0
1607,7.0,3.0,8.0,5.0,3.0,3.0
1608,8.0,3.0,8.0,5.0,3.0,4.0
1609,7.0,4.0,8.0,5.0,3.0,3.0
1610,8.0,4.0,7.0,5.0,3.0,9.0
1611,7.0,4.0,8.0,5.0,3.0,3.0
1612,7.0,5.0,7.0,4.0,3.0,4.0
1613,8.0,5.0,7.0,5.0,3.0,4.0
1614,7.0,5.0,7.0,5.0,4.0,6.0
1615,7.0,5.0,7.0,4.0,4.0,5.0
1616,6.0,5.0,7.0,4.0,4.0,3.0
1617,7.0,4.0,7.0,5.0,4.0,4.0
1618,7.0,5.0,6.0,4.0,4.0,7.0
1619,7.0,5.0,7.0,5.0,4.0,7.0
1620,7.0,5.0,5.0,4.0,3.0,6.0
1621,6.0,4.0,5.0,4.0,3.0,10.0
1622,7.0,5.0,6.0,4.0,3.0,5.0
1623,6.0,4.0,5.0,4.0,3.0,8.0
1624,6.0,6.0,7.0,4.0,3.0,7.0
1625,7.0,5.0,6.0,4.0,4.0,6.0
1626,6.0,5.0,6.0,4.0,4.0,6.0
1627,7.0,4.0,6.0,3.0,4.0,4.0
1628,7.0,5.0,6.0,4.0,4.0,5.0
1629,6.0,5.0,5.0,5.0,4.0,4.0
1630,6.0,5.0,4.0,3.0,3.0,2.0
1631,5.0,5.0,2.0,3.0,4.0,3.0
1632,5.0,3.0,3.0,3.0,4.0,4.0
1633,3.0,4.0,3.0,3.0,4.0,4.0
1634,3.0,5.0,6.0,3.0,4.0,10.0
1635,3.0,5.0,4.0,4.0,4.0,7.0
1636,5.0,3.0,3.0,4.0,4.0,7.0
1637,5.0,2.0,5.0,4.0,4.0,6.0
1638,3.0,2.0,4.0,4.0,4.0,3.0
1639,3.0,3.0,2.0,4.0,4.0,4.0
1640,5.0,4.0,2.0,3.0,3.0,3.0
1641,4.0,3.0,4.0,5.0,4.0,8.0
1642,4.0,3.0,3.0,4.0,4.0,4.0
1643,4.0,4.0,2.0,4.0,3.0,7.0
1644,4.0,7.0,2.0,4.0,4.0,6.0
1645,4.0,4.0,2.0,10.0,4.0,6.0
1646,3.0,4.0,2.0,3.0,4.0,10.0
1647,3.0,5.0,2.0,5.0,3.0,9.0
1648,3.0,4.0,2.0,3.0,4.0,7.0
1649,6.0,10.0,3.0,4.0,3.0,3.0
1650,2.0,4.0,2.0,6.0,4.0,3.0
1651,3.0,4.0,3.0,4.0,4.0,3.0
1652,2.0,4.0,5.0,2.0,4.0,4.0
1653,4.0,2.0,4.0,10.0,4.0,3.0
1654,4.0,3.0,4.0,4.0,3.0,3.0
1655,4.0,3.0,3.0,7.0,4.0,3.0
1656,4.0,3.0,3.0,4.0,4.0,4.0
1657,4.0,3.0,3.0,4.0,4.0,5.0
1658,4.0,3.0,4.0,5.0,4.0,4.0
1659,3.0,3.0,2.0,4.0,3.0,4.0
1660,2.0,3.0,2.0,4.0,4.0,4.0
1661,3.0,3.0,2.0,4.0,4.0,5.0
1662,2.0,2.0,2.0,6.0,3.0,4.0
1663,2.0,2.0,8.0,5.0,4.0,5.0
1664,2.0,3.0,2.0,4.0,4.0,8.0
1665,4.0,7.0,2.0,10.0,3.0,7.0
1666,5.0,3.0,4.0,10.0,4.0,3.0
1667,3.0,4.0,4.0,2.0,4.0,2.0
1668,3.0,7.0,4.0,7.0,4.0,3.0
1669,2.0,6.0,4.0,6.0,4.0,3.0
1670,3.0,5.0,3.0,4.0,4.0,3.0
1671,3.0,3.0,3.0,5.0,3.0,7.0
1672,4.0,4.0,3.0,9.0,3.0,4.0
1673,3.0,4.0,3.0,8.0,4.0,6.0
1674,3.0,5.0,4.0,4.0,4.0,2.0
1675,3.0,5.0,2.0,4.0,4.0,2.0
1676,3.0,2.0,2.0,3.0,4.0,2.0
1677,3.0,3.0,2.0,4.0,4.0,2.0
1678,3.0,3.0,3.0,3.0,3.0,2.0
1679,3.0,3.0,3.0,3.0,3.0,2.0
1680,3.0,5.0,3.0,3.0,4.0,3.0
1681,3.0,3.0,3.0,4.0,3.0,3.0
1682,3.0,5.0,3.0,4.0,4.0,4.0
1683,3.0,4.0,3.0,5.0,4.0,4.0
1684,3.0,5.0,3.0,4.0,7.0,5.0
2109,8.0,4.0,9.0,3.0,3.0,3.0
2110,9.0,4.0,8.0,3.0,3.0,3.0
2111,8.0,4.0,3.0,3.0,3.0,3.0
2112,10.0,4.0,9.0,4.0,4.0,5.0
2113,6.0,4.0,7.0,3.0,4.0,7.0
2114,4.0,4.0,8.0,4.0,4.0,3.0
2115,3.0,4.0,7.0,4.0,3.0,2.0
2116,9.0,4.0,8.0,4.0,4.0,3.0
2117,7.0,4.0,7.0,4.0,4.0,3.0
2118,8.0,5.0,7.0,4.0,4.0,3.0
2119,7.0,4.0,6.0,7.0,3.0,3.0
2120,6.0,5.0,7.0,4.0,3.0,3.0
2121,7.0,5.0,7.0,4.0,4.0,3.0
2122,7.0,4.0,7.0,4.0,3.0,2.0
2123,7.0,5.0,4.0,4.0,3.0,2.0
2124,6.0,4.0,6.0,3.0,3.0,2.0
2125,7.0,5.0,7.0,3.0,3.0,5.0
2126,6.0,4.0,6.0,3.0,2.0,4.0
2127,6.0,3.0,6.0,3.0,3.0,4.0
2128,6.0,4.0,3.0,3.0,3.0,4.0
2129,7.0,7.0,2.0,3.0,3.0,4.0
2130,7.0,4.0,2.0,3.0,3.0,4.0
2131,6.0,3.0,2.0,3.0,4.0,4.0
2132,3.0,2.0,2.0,3.0,3.0,4.0
2133,3.0,4.0,2.0,6.0,3.0,3.0
2134,3.0,4.0,3.0,3.0,3.0,3.0
2135,6.0,4.0,3.0,6.0,4.0,3.0
2136,5.0,4.0,7.0,3.0,4.0,3.0
2137,2.0,4.0,6.0,3.0,4.0,4.0
2138,2.0,5.0,3.0,4.0,3.0,4.0
2139,2.0,4.0,4.0,3.0,3.0,4.0
2140,6.0,5.0,3.0,3.0,3.0,4.0
2141,3.0,5.0,4.0,4.0,2.0,4.0
2142,5.0,3.0,3.0,3.0,3.0,4.0
2143,5.0,3.0,3.0,3.0,3.0,4.0
2144,4.0,3.0,2.0,5.0,3.0,4.0
2145,4.0,5.0,6.0,6.0,8.0,4.0
2146,3.0,3.0,2.0,6.0,6.0,4.0
2147,3.0,4.0,2.0,5.0,3.0,4.0
2148,6.0,3.0,3.0,5.0,4.0,4.0
2149,6.0,3.0,3.0,4.0,8.0,4.0
2150,2.0,3.0,4.0,7.0,6.0,4.0
2151,2.0,3.0,3.0,6.0,8.0,4.0
2152,3.0,3.0,3.0,6.0,3.0,3.0
2153,3.0,3.0,3.0,5.0,6.0,4.0
2154,3.0,7.0,3.0,3.0,4.0,4.0
2155,3.0,6.0,5.0,4.0,2.0,3.0
2156,3.0,3.0,3.0,3.0,4.0,3.0
2157,3.0,2.0,2.0,7.0,8.0,3.0
2158,4.0,2.0,3.0,6.0,7.0,4.0
2159,2.0,3.0,3.0,6.0,2.0,3.0
2160,5.0,3.0,8.0,2.0,4.0,3.0
2161,6.0,3.0,9.0,4.0,2.0,3.0
2162,3.0,3.0,4.0,4.0,2.0,3.0
2163,8.0,5.0,3.0,4.0,3.0,3.0
2164,8.0,3.0,5.0,2.0,3.0,3.0
2165,4.0,4.0,3.0,4.0,3.0,4.0
2166,4.0,4.0,5.0,6.0,4.0,4.0
2167,5.0,4.0,4.0,5.0,4.0,4.0
2168,4.0,5.0,3.0,3.0,3.0,3.0
2169,4.0,4.0,5.0,3.0,3.0,3.0
2170,4.0,5.0,6.0,7.0,4.0,3.0
2171,4.0,5.0,5.0,6.0,3.0,3.0
2172,5.0,4.0,3.0,6.0,4.0,4.0
2173,4.0,4.0,5.0,8.0,4.0,3.0
2174,4.0,3.0,3.0,9.0,4.0,3.0
2175,4.0,3.0,6.0,7.0,4.0,3.0
2176,3.0,4.0,3.0,7.0,6.0,2.0
2177,5.0,4.0,3.0,2.0,5.0,3.0
2178,6.0,2.0,5.0,4.0,4.0,4.0
2179,5.0,7.0,5.0,4.0,4.0,3.0
2180,5.0,3.0,5.0,3.0,5.0,3.0
2181,6.0,3.0,5.0,4.0,5.0,3.0
2182,5.0,7.0,5.0,4.0,5.0,10.0
2183,5.0,3.0,3.0,7.0,6.0,4.0
2184,5.0,4.0,5.0,6.0,5.0,3.0
2185,5.0,4.0,3.0,4.0,4.0,3.0
2186,5.0,4.0,5.0,6.0,5.0,3.0
2187,5.0,3.0,3.0,3.0,5.0,6.0
2188,4.0,4.0,4.0,2.0,6.0,3.0
2189,5.0,4.0,2.0,2.0,5.0,4.0
2190,5.0,3.0,2.0,3.0,6.0,8.0
2191,9.0,3.0,6.0,6.0,5.0,7.0
2192,5.0,3.0,2.0,6.0,5.0,4.0
2193,2.0,3.0,2.0,6.0,5.0,5.0
2194,4.0,3.0,4.0,5.0,5.0,3.0
2195,3.0,3.0,4.0,9.0,4.0,6.0
2196,3.0,3.0,4.0,8.0,5.0,2.0
2197,3.0,2.0,4.0,3.0,5.0,3.0
2198,5.0,3.0,4.0,3.0,4.0,3.0
2199,5.0,7.0,5.0,3.0,3.0,3.0
2200,7.0,4.0,4.0,3.0,4.0,3.0
2201,8.0,3.0,4.0,4.0,4.0,3.0
2202,6.0,4.0,4.0,3.0,4.0,3.0
2203,4.0,4.0,4.0,4.0,4.0,3.0
2204,10.0,4.0,4.0,3.0,3.0,4.0
2205,9.0,4.0,6.0,6.0,4.0,3.0
2206,7.0,3.0,5.0,4.0,4.0,3.0
2207,5.0,4.0,3.0,4.0,4.0,3.0
2208,4.0,4.0,2.0,6.0,4.0,5.0
2209,2.0,3.0,3.0,4.0,4.0,3.0
2210,3.0,7.0,5.0,4.0,4.0,3.0
2211,2.0,4.0,4.0,9.0,4.0,4.0
2212,4.0,4.0,3.0,7.0,4.0,4.0
2213,3.0,3.0,4.0,6.0,3.0,4.0
2214,2.0,3.0,3.0,2.0,5.0,3.0
2215,3.0,4.0,4.0,2.0,4.0,3.0
2216,4.0,4.0,3.0,3.0,3.0,4.0
2217,7.0,4.0,2.0,3.0,3.0,3.0
2218,6.0,4.0,3.0,7.0,4.0,3.0
2219,5.0,3.0,3.0,3.0,3.0,4.0
2220,4.0,2.0,4.0,6.0,3.0,5.0
2221,5.0,3.0,3.0,2.0,4.0,3.0
2222,9.0,3.0,6.0,2.0,3.0,3.0
2223,7.0,3.0,2.0,3.0,7.0,3.0
2224,6.0,4.0,2.0,3.0,3.0,5.0
2225,5.0,4.0,4.0,4.0,3.0,7.0
2226,5.0,4.0,5.0,3.0,4.0,4.0
2227,3.0,3.0,5.0,5.0,9.0,4.0
2228,3.0,4.0,4.0,5.0,3.0,3.0
2229,4.0,2.0,5.0,6.0,3.0,4.0
2230,3.0,2.0,2.0,7.0,8.0,3.0
2231,3.0,4.0,2.0,8.0,6.0,3.0
2232,2.0,3.0,3.0,8.0,3.0,3.0
2233,3.0,3.0,5.0,8.0,3.0,6.0
2234,3.0,3.0,4.0,7.0,4.0,8.0
2235,3.0,3.0,4.0,7.0,4.0,3.0
2236,5.0,3.0,5.0,7.0,4.0,5.0
2237,3.0,3.0,5.0,7.0,4.0,10.0
2238,6.0,3.0,6.0,6.0,5.0,8.0
2239,3.0,3.0,6.0,5.0,5.0,6.0
2240,3.0,3.0,4.0,6.0,5.0,7.0
2241,4.0,3.0,5.0,6.0,10.0,6.0
2242,6.0,3.0,5.0,5.0,6.0,5.0
2243,5.0,3.0,6.0,5.0,7.0,2.0
2244,5.0,3.0,5.0,4.0,2.0,4.0
2245,5.0,3.0,6.0,7.0,2.0,5.0
2246,5.0,3.0,5.0,5.0,4.0,5.0
2247,4.0,3.0,4.0,5.0,3.0,8.0
2248,5.0,3.0,6.0,6.0,3.0,2.0
2249,5.0,3.0,5.0,6.0,2.0,6.0
2250,4.0,3.0,5.0,6.0,3.0,3.0
2251,5.0,2.0,5.0,6.0,4.0,2.0
2252,5.0,5.0,5.0,4.0,3.0,2.0
2253,4.0,4.0,4.0,5.0,2.0,3.0
2254,5.0,3.0,5.0,5.0,3.0,3.0
2255,5.0,2.0,5.0,4.0,3.0,3.0
2256,5.0,10.0,4.0,5.0,3.0,3.0
2257,4.0,9.0,4.0,4.0,4.0,3.0
2258,3.0,3.0,5.0,4.0,4.0,4.0
2259,4.0,3.0,4.0,4.0,4.0,4.0
2260,5.0,3.0,4.0,4.0,3.0,3.0
2261,4.0,3.0,4.0,3.0,3.0,3.0
2262,5.0,3.0,4.0,4.0,3.0,3.0
2263,4.0,2.0,4.0,4.0,4.0,3.0
2264,4.0,8.0,4.0,5.0,3.0,3.0
2265,4.0,7.0,4.0,3.0,4.0,4.0
2266,4.0,5.0,4.0,3.0,9.0,4.0
2267,4.0,3.0,4.0,3.0,10.0,3.0
2268,4.0,3.0,4.0,3.0,8.0,4.0
2269,4.0,2.0,4.0,3.0,4.0,4.0
2270,3.0,6.0,3.0,3.0,5.0,4.0
2271,3.0,2.0,4.0,3.0,4.0,4.0
2272,3.0,4.0,4.0,3.0,3.0,4.0
2273,3.0,3.0,4.0,3.0,10.0,3.0
2274,4.0,4.0,4.0,3.0,9.0,4.0
2275,4.0,4.0,3.0,4.0,8.0,4.0
2276,4.0,4.0,6.0,4.0,6.0,4.0
2277,7.0,4.0,2.0,3.0,5.0,4.0
2278,6.0,4.0,2.0,4.0,3.0,4.0
2279,5.0,3.0,2.0,3.0,6.0,5.0
2280,3.0,3.0,2.0,3.0,2.0,5.0
2281,4.0,3.0,4.0,3.0,2.0,5.0
2282,3.0,3.0,2.0,3.0,3.0,6.0
2283,3.0,3.0,3.0,3.0,4.0,5.0
2284,3.0,3.0,3.0,4.0,3.0,5.0
2285,4.0,3.0,3.0,3.0,9.0,5.0
2286,8.0,9.0,10.0,3.0,3.0,5.0
2287,3.0,2.0,2.0,10.0,5.0,4.0
2288,5.0,2.0,6.0,3.0,3.0,5.0
2289,3.0,3.0,7.0,4.0,4.0,5.0
2290,6.0,3.0,7.0,4.0,3.0,5.0
2291,6.0,3.0,4.0,6.0,2.0,6.0
2292,5.0,4.0,3.0,3.0,8.0,5.0
2293,4.0,3.0,3.0,4.0,7.0,5.0
2294,5.0,3.0,4.0,5.0,2.0,5.0
2295,3.0,2.0,4.0,3.0,3.0,6.0
2296,3.0,3.0,3.0,3.0,6.0,6.0
2297,4.0,3.0,3.0,4.0,2.0,6.0
2298,4.0,3.0,3.0,7.0,2.0,5.0
2299,4.0,3.0,3.0,6.0,7.0,6.0
2300,4.0,3.0,6.0,6.0,6.0,5.0
2301,6.0,3.0,3.0,7.0,6.0,6.0
2302,4.0,3.0,4.0,3.0,5.0,5.0
2303,5.0,2.0,9.0,4.0,3.0,5.0
2304,4.0,9.0,3.0,4.0,4.0,5.0
2305,3.0,7.0,6.0,6.0,3.0,4.0
2306,4.0,6.0,7.0,5.0,3.0,6.0
2307,8.0,2.0,7.0,4.0,4.0,5.0
2308,4.0,2.0,3.0,2.0,4.0,5.0
2309,5.0,4.0,2.0,3.0,2.0,4.0
2310,6.0,2.0,9.0,3.0,2.0,5.0
2311,4.0,2.0,5.0,3.0,2.0,5.0
2312,10.0,2.0,7.0,3.0,3.0,5.0
2313,10.0,3.0,6.0,3.0,3.0,4.0
2314,3.0,3.0,5.0,3.0,3.0,2.0
2315,6.0,3.0,2.0,4.0,4.0,4.0
2316,7.0,3.0,2.0,4.0,4.0,4.0
2317,3.0,7.0,5.0,6.0,3.0,3.0
2318,4.0,3.0,2.0,4.0,4.0,5.0
2319,3.0,3.0,2.0,4.0,4.0,4.0
2320,5.0,5.0,2.0,4.0,4.0,4.0
2321,10.0,3.0,2.0,6.0,4.0,4.0
2322,10.0,3.0,2.0,4.0,4.0,6.0
2323,2.0,5.0,2.0,6.0,4.0,4.0
2324,7.0,3.0,3.0,3.0,4.0,6.0
2325,6.0,3.0,2.0,4.0,4.0,3.0
2326,3.0,3.0,2.0,3.0,4.0,4.0
2327,2.0,4.0,7.0,3.0,4.0,3.0
2328,3.0,4.0,3.0,3.0,5.0,3.0
2329,3.0,5.0,4.0,4.0,5.0,7.0
2330,8.0,4.0,7.0,3.0,5.0,6.0
2331,6.0,5.0,2.0,3.0,4.0,5.0
2332,3.0,9.0,2.0,3.0,4.0,10.0
2333,3.0,9.0,2.0,3.0,3.0,9.0
2334,5.0,2.0,3.0,7.0,4.0,7.0
2335,5.0,8.0,8.0,4.0,4.0,8.0
2336,10.0,3.0,7.0,5.0,4.0,4.0
2337,9.0,3.0,6.0,2.0,3.0,5.0
2338,7.0,3.0,4.0,8.0,4.0,3.0
2339,7.0,3.0,3.0,7.0,4.0,5.0
2340,4.0,3.0,5.0,6.0,4.0,3.0
2341,5.0,3.0,6.0,5.0,4.0,3.0
2342,4.0,3.0,6.0,5.0,4.0,4.0
2343,2.0,3.0,4.0,5.0,5.0,3.0
2344,3.0,4.0,3.0,4.0,4.0,3.0
2345,4.0,4.0,3.0,4.0,4.0,3.0
2346,3.0,4.0,4.0,10.0,4.0,4.0
2347,4.0,3.0,3.0,3.0,4.0,6.0
2348,4.0,3.0,4.0,4.0,4.0,3.0
2349,4.0,3.0,2.0,3.0,4.0,3.0
2350,4.0,3.0,4.0,5.0,4.0,3.0
2351,4.0,4.0,3.0,5.0,4.0,4.0
2352,3.0,3.0,5.0,4.0,4.0,4.0
2353,6.0,4.0,4.0,3.0,4.0,4.0
2354,2.0,4.0,2.0,3.0,4.0,4.0
2355,7.0,4.0,2.0,8.0,4.0,4.0
2356,3.0,3.0,2.0,3.0,4.0,4.0
2357,3.0,4.0,3.0,4.0,4.0,4.0
2358,2.0,3.0,3.0,3.0,4.0,4.0
2359,4.0,3.0,2.0,3.0,4.0,4.0
2360,4.0,3.0,2.0,3.0,4.0,4.0
2361,3.0,4.0,4.0,4.0,3.0,4.0
2362,4.0,5.0,4.0,4.0,4.0,4.0
2363,7.0,5.0,3.0,4.0,7.0,4.0
2364,3.0,3.0,4.0,3.0,4.0,4.0
2365,4.0,4.0,8.0,7.0,3.0,4.0
2366,8.0,4.0,2.0,4.0,4.0,4.0
2367,3.0,5.0,6.0,4.0,3.0,3.0
2368,3.0,5.0,3.0,3.0,3.0,3.0
2369,7.0,4.0,3.0,3.0,7.0,3.0
2370,6.0,5.0,2.0,3.0,3.0,6.0
2371,2.0,4.0,6.0,3.0,3.0,4.0
2372,3.0,4.0,2.0,3.0,3.0,10.0
2373,4.0,4.0,8.0,3.0,3.0,4.0
2374,3.0,4.0,2.0,4.0,4.0,3.0
2375,3.0,3.0,2.0,3.0,4.0,10.0
2376,2.0,3.0,2.0,3.0,4.0,7.0
2377,2.0,4.0,2.0,4.0,4.0,6.0
2378,3.0,4.0,3.0,3.0,4.0,5.0
2379,2.0,4.0,2.0,3.0,4.0,5.0
2380,2.0,4.0,3.0,6.0,3.0,4.0
2381,8.0,4.0,3.0,4.0,4.0,5.0
2382,3.0,4.0,2.0,3.0,4.0,7.0
2383,8.0,5.0,3.0,3.0,3.0,6.0
2384,3.0,4.0,3.0,3.0,3.0,3.0
2385,3.0,4.0,3.0,4.0,4.0,3.0
2386,3.0,5.0,3.0,4.0,9.0,4.0
2387,3.0,4.0,2.0,4.0,8.0,6.0
2388,3.0,4.0,2.0,4.0,7.0,3.0
2389,4.0,3.0,2.0,4.0,6.0,5.0
2390,3.0,3.0,3.0,4.0,5.0,4.0
2391,3.0,3.0,3.0,4.0,10.0,3.0
2392,3.0,4.0,2.0,4.0,9.0,5.0
2393,3.0,4.0,2.0,7.0,8.0,3.0
2394,4.0,4.0,3.0,6.0,3.0,4.0
2395,3.0,4.0,3.0,4.0,5.0,6.0
2396,4.0,4.0,4.0,4.0,4.0,3.0
2397,2.0,3.0,3.0,4.0,3.0,3.0
2398,3.0,3.0,2.0,4.0,4.0,2.0
2399,4.0,4.0,2.0,10.0,4.0,6.0
2400,3.0,4.0,2.0,4.0,6.0,7.0
2401,4.0,4.0,3.0,6.0,4.0,5.0
2402,4.0,3.0,2.0,6.0,8.0,8.0
2403,3.0,3.0,2.0,5.0,5.0,8.0
2404,3.0,3.0,2.0,4.0,4.0,6.0
2405,3.0,4.0,2.0,3.0,4.0,3.0
2406,3.0,4.0,2.0,7.0,9.0,3.0
2407,2.0,4.0,2.0,4.0,9.0,5.0
2408,2.0,4.0,2.0,5.0,8.0,3.0
2409,2.0,4.0,2.0,4.0,7.0,4.0
2410,4.0,4.0,2.0,2.0,5.0,3.0
2411,3.0,4.0,4.0,7.0,5.0,5.0
2412,4.0,4.0,2.0,3.0,10.0,10.0
2413,4.0,4.0,3.0,3.0,9.0,3.0
2414,4.0,2.0,4.0,6.0,10.0,3.0
2415,3.0,3.0,3.0,4.0,7.0,6.0
2416,3.0,2.0,6.0,2.0,3.0,3.0
2417,3.0,9.0,2.0,2.0,3.0,2.0
2418,3.0,3.0,3.0,2.0,3.0,7.0
2419,3.0,4.0,2.0,2.0,3.0,6.0
2420,3.0,3.0,3.0,2.0,3.0,6.0
2421,3.0,3.0,2.0,4.0,3.0,4.0
2422,7.0,2.0,2.0,4.0,3.0,9.0
2423,6.0,4.0,5.0,9.0,3.0,2.0
2424,2.0,3.0,2.0,4.0,3.0,8.0
2425,9.0,3.0,6.0,8.0,3.0,3.0
2426,3.0,4.0,2.0,6.0,3.0,6.0
2427,9.0,4.0,10.0,5.0,3.0,6.0
2428,8.0,4.0,9.0,5.0,5.0,4.0
2429,6.0,4.0,7.0,4.0,3.0,9.0
2430,5.0,4.0,6.0,7.0,3.0,4.0
2431,10.0,4.0,5.0,6.0,4.0,6.0
2432,9.0,5.0,4.0,5.0,4.0,4.0
2433,6.0,4.0,3.0,4.0,4.0,4.0
2434,5.0,4.0,2.0,3.0,4.0,3.0
2435,3.0,4.0,3.0,4.0,3.0,2.0
2436,4.0,4.0,4.0,4.0,4.0,3.0
2437,3.0,5.0,4.0,4.0,3.0,2.0
2438,4.0,4.0,4.0,9.0,4.0,3.0
2439,3.0,6.0,3.0,6.0,4.0,5.0
2440,3.0,5.0,3.0,4.0,4.0,3.0
2441,3.0,5.0,2.0,7.0,4.0,3.0
2442,4.0,5.0,3.0,4.0,5.0,3.0
2443,4.0,4.0,2.0,5.0,4.0,4.0
2444,3.0,4.0,3.0,3.0,5.0,4.0
2445,5.0,4.0,3.0,4.0,4.0,3.0
2446,3.0,4.0,3.0,5.0,4.0,4.0
2447,3.0,5.0,3.0,4.0,4.0,6.0
2448,3.0,4.0,3.0,3.0,4.0,9.0
2449,3.0,4.0,2.0,5.0,4.0,8.0
2450,3.0,4.0,2.0,6.0,3.0,10.0
2451,3.0,4.0,3.0,5.0,4.0,8.0
2452,3.0,4.0,2.0,5.0,4.0,8.0
2453,3.0,4.0,2.0,4.0,5.0,10.0
2454,3.0,3.0,2.0,8.0,3.0,9.0
2455,3.0,3.0,2.0,7.0,4.0,8.0
2456,4.0,4.0,3.0,3.0,8.0,9.0
2457,3.0,4.0,3.0,3.0,4.0,3.0
2458,3.0,4.0,2.0,3.0,4.0,4.0
2459,3.0,4.0,2.0,4.0,3.0,8.0
2460,3.0,3.0,2.0,2.0,4.0,6.0
2461,3.0,2.0,3.0,3.0,4.0,9.0
2462,3.0,3.0,3.0,4.0,4.0,6.0
2463,4.0,3.0,3.0,4.0,4.0,10.0
2464,3.0,3.0,3.0,3.0,4.0,5.0
2465,2.0,3.0,4.0,3.0,6.0,10.0
2466,2.0,2.0,4.0,3.0,5.0,3.0
2467,2.0,3.0,4.0,3.0,3.0,3.0
2468,3.0,4.0,4.0,3.0,4.0,3.0
2469,3.0,7.0,4.0,2.0,4.0,3.0
2470,3.0,6.0,4.0,3.0,4.0,3.0
2471,3.0,4.0,3.0,3.0,5.0,6.0
2472,3.0,2.0,3.0,3.0,4.0,5.0
2473,3.0,3.0,2.0,2.0,4.0,5.0
2474,4.0,4.0,4.0,4.0,3.0,5.0
2475,4.0,3.0,2.0,3.0,4.0,5.0
2476,4.0,3.0,5.0,6.0,3.0,4.0
2477,4.0,3.0,5.0,3.0,5.0,5.0
2478,4.0,4.0,9.0,2.0,5.0,6.0
2479,4.0,3.0,3.0,3.0,9.0,3.0
2480,3.0,4.0,4.0,2.0,10.0,3.0
2481,4.0,4.0,4.0,4.0,8.0,3.0
2482,5.0,4.0,3.0,3.0,7.0,3.0
2483,4.0,4.0,7.0,3.0,3.0,3.0
2484,10.0,4.0,3.0,4.0,3.0,3.0
2485,3.0,4.0,6.0,3.0,3.0,5.0
2486,4.0,3.0,3.0,3.0,3.0,3.0
2487,3.0,3.0,3.0,3.0,4.0,3.0
2488,3.0,4.0,3.0,3.0,4.0,3.0
2489,3.0,3.0,4.0,3.0,4.0,3.0
2490,3.0,2.0,2.0,3.0,4.0,3.0
2491,7.0,3.0,3.0,3.0,4.0,6.0
2492,4.0,3.0,2.0,2.0,4.0,3.0
2493,3.0,4.0,3.0,3.0,4.0,3.0
2494,6.0,3.0,3.0,3.0,4.0,6.0
2495,3.0,4.0,3.0,2.0,4.0,3.0
2496,5.0,4.0,3.0,3.0,5.0,9.0
2497,4.0,3.0,8.0,3.0,4.0,3.0
2498,4.0,4.0,3.0,3.0,4.0,8.0
2499,4.0,3.0,4.0,3.0,4.0,3.0
2500,4.0,3.0,3.0,3.0,4.0,3.0
2501,3.0,3.0,4.0,3.0,4.0,2.0
2502,4.0,3.0,4.0,3.0,4.0,4.0
2503,4.0,2.0,4.0,3.0,4.0,3.0
2504,3.0,3.0,4.0,3.0,4.0,4.0
2505,5.0,3.0,5.0,3.0,3.0,5.0
2506,4.0,4.0,5.0,3.0,4.0,3.0
2507,7.0,6.0,5.0,2.0,3.0,3.0
2508,8.0,3.0,4.0,3.0,4.0,3.0
2509,2.0,3.0,5.0,3.0,4.0,2.0
2510,9.0,3.0,4.0,3.0,4.0,3.0
2511,3.0,4.0,6.0,3.0,4.0,3.0
2512,8.0,3.0,5.0,3.0,4.0,3.0
2513,5.0,3.0,3.0,3.0,3.0,3.0
2514,3.0,5.0,6.0,3.0,4.0,4.0
2515,3.0,2.0,6.0,3.0,4.0,10.0
2516,6.0,3.0,6.0,3.0,4.0,2.0
2517,4.0,3.0,6.0,3.0,4.0,3.0
2518,4.0,4.0,4.0,3.0,4.0,3.0
2519,5.0,3.0,6.0,3.0,4.0,5.0
2520,3.0,2.0,5.0,3.0,4.0,5.0
2521,6.0,2.0,5.0,3.0,3.0,6.0
2522,9.0,4.0,5.0,2.0,4.0,3.0
2523,4.0,2.0,5.0,2.0,4.0,7.0
2524,4.0,2.0,5.0,2.0,4.0,5.0
2525,3.0,3.0,5.0,3.0,4.0,5.0
2526,3.0,3.0,4.0,2.0,4.0,5.0
2527,5.0,3.0,5.0,3.0,4.0,10.0
2528,2.0,2.0,4.0,3.0,4.0,9.0
2529,3.0,3.0,5.0,3.0,4.0,3.0
2530,5.0,3.0,3.0,3.0,3.0,3.0
2531,4.0,4.0,3.0,3.0,8.0,3.0
2532,2.0,4.0,5.0,5.0,4.0,3.0
2533,8.0,7.0,4.0,3.0,3.0,3.0
2534,5.0,4.0,5.0,5.0,3.0,4.0
2535,5.0,4.0,4.0,7.0,3.0,4.0
2536,5.0,3.0,4.0,2.0,3.0,6.0
2537,4.0,3.0,4.0,6.0,3.0,5.0
2538,4.0,3.0,4.0,6.0,3.0,5.0
2539,8.0,3.0,4.0,5.0,4.0,5.0
2540,7.0,3.0,2.0,5.0,6.0,5.0
2541,3.0,3.0,4.0,8.0,5.0,4.0
2542,3.0,4.0,3.0,7.0,4.0,4.0
2543,4.0,4.0,3.0,2.0,9.0,4.0
2544,4.0,3.0,2.0,4.0,3.0,4.0
2545,4.0,3.0,3.0,5.0,8.0,4.0
2546,3.0,3.0,6.0,3.0,6.0,3.0
2547,3.0,3.0,4.0,3.0,4.0,5.0
2548,4.0,3.0,5.0,3.0,4.0,5.0
2549,9.0,5.0,2.0,3.0,4.0,5.0
2550,8.0,4.0,5.0,4.0,5.0,5.0
2551,7.0,3.0,2.0,3.0,3.0,5.0
2552,3.0,3.0,2.0,4.0,4.0,4.0
2553,3.0,4.0,2.0,3.0,4.0,4.0
2554,4.0,4.0,2.0,4.0,2.0,5.0
2555,9.0,3.0,2.0,6.0,4.0,4.0
2556,10.0,4.0,2.0,3.0,3.0,4.0
2557,6.0,3.0,3.0,2.0,4.0,4.0
2558,8.0,3.0,3.0,3.0,4.0,4.0
2559,6.0,7.0,3.0,3.0,9.0,5.0
2560,6.0,3.0,2.0,3.0,2.0,4.0
2561,5.0,3.0,3.0,4.0,3.0,5.0
2562,10.0,3.0,2.0,4.0,4.0,4.0
2563,9.0,3.0,2.0,3.0,4.0,4.0
2564,7.0,2.0,2.0,4.0,4.0,3.0
2565,5.0,2.0,2.0,3.0,4.0,4.0
2566,7.0,2.0,3.0,4.0,5.0,4.0
2567,3.0,3.0,2.0,6.0,9.0,5.0
2568,10.0,9.0,3.0,4.0,8.0,4.0
2569,3.0,8.0,8.0,4.0,7.0,4.0
2570,8.0,6.0,2.0,5.0,5.0,4.0
2571,7.0,5.0,3.0,4.0,3.0,4.0
2572,6.0,9.0,3.0,4.0,6.0,5.0
2573,5.0,9.0,4.0,3.0,9.0,5.0
2574,7.0,2.0,2.0,3.0,2.0,4.0
2575,4.0,3.0,7.0,3.0,2.0,5.0
2576,10.0,3.0,4.0,3.0,3.0,4.0
2577,7.0,3.0,2.0,4.0,3.0,4.0
2578,3.0,3.0,2.0,3.0,4.0,4.0
2579,4.0,4.0,2.0,4.0,7.0,4.0
2580,6.0,2.0,2.0,5.0,4.0,3.0
2581,5.0,3.0,3.0,4.0,4.0,4.0
2582,2.0,3.0,10.0,6.0,4.0,3.0
2583,2.0,4.0,2.0,4.0,3.0,4.0
2584,2.0,2.0,2.0,4.0,4.0,5.0
2585,3.0,3.0,2.0,3.0,4.0,5.0
2586,4.0,4.0,2.0,5.0,4.0,5.0
2587,4.0,4.0,3.0,4.0,3.0,5.0
2588,3.0,4.0,3.0,4.0,4.0,5.0
2589,6.0,4.0,6.0,9.0,4.0,4.0
2590,3.0,4.0,3.0,5.0,4.0,5.0
2591,2.0,4.0,2.0,4.0,3.0,5.0
2592,3.0,4.0,2.0,5.0,3.0,5.0
2593,9.0,4.0,2.0,4.0,4.0,4.0
2594,9.0,4.0,3.0,3.0,3.0,5.0
2595,7.0,4.0,3.0,6.0,3.0,5.0
2596,6.0,4.0,4.0,7.0,4.0,5.0
2597,10.0,4.0,3.0,7.0,4.0,5.0
2598,9.0,4.0,2.0,4.0,3.0,5.0
2599,3.0,3.0,3.0,4.0,4.0,5.0
2600,3.0,4.0,3.0,3.0,3.0,5.0
2601,4.0,3.0,3.0,8.0,3.0,5.0
2602,4.0,6.0,3.0,4.0,4.0,7.0
2603,3.0,2.0,3.0,5.0,4.0,3.0
2604,4.0,3.0,3.0,3.0,4.0,5.0
2605,5.0,3.0,4.0,4.0,4.0,4.0
2606,6.0,4.0,3.0,9.0,4.0,5.0
2607,5.0,4.0,3.0,4.0,3.0,3.0
2608,5.0,4.0,3.0,5.0,4.0,6.0
2609,6.0,3.0,3.0,10.0,4.0,3.0
2610,5.0,4.0,4.0,2.0,3.0,3.0
2611,6.0,3.0,4.0,4.0,3.0,3.0
2612,6.0,3.0,4.0,4.0,5.0,3.0
2613,5.0,3.0,3.0,5.0,5.0,3.0
2614,6.0,3.0,2.0,4.0,10.0,3.0
2615,6.0,2.0,3.0,4.0,4.0,3.0
2616,5.0,3.0,4.0,4.0,9.0,4.0
2617,6.0,3.0,4.0,4.0,7.0,4.0
2618,5.0,4.0,4.0,4.0,6.0,4.0
2619,6.0,4.0,2.0,4.0,5.0,4.0
2620,5.0,3.0,3.0,4.0,6.0,3.0
2621,5.0,3.0,3.0,3.0,4.0,3.0
2622,5.0,3.0,5.0,4.0,4.0,3.0
2623,4.0,2.0,9.0,4.0,4.0,4.0
2624,4.0,4.0,2.0,4.0,4.0,2.0
2625,5.0,2.0,4.0,4.0,4.0,4.0
2626,5.0,3.0,2.0,4.0,4.0,4.0
2627,5.0,3.0,2.0,4.0,3.0,2.0
2628,4.0,4.0,2.0,4.0,3.0,2.0
2629,4.0,5.0,2.0,4.0,3.0,2.0
2630,4.0,5.0,2.0,4.0,4.0,3.0
2631,4.0,4.0,2.0,4.0,9.0,3.0
2632,8.0,2.0,3.0,3.0,10.0,3.0
2633,4.0,3.0,2.0,3.0,8.0,3.0
2634,3.0,2.0,2.0,5.0,7.0,3.0
2635,4.0,2.0,3.0,5.0,2.0,4.0
2636,4.0,2.0,3.0,5.0,3.0,3.0
2637,4.0,2.0,6.0,7.0,3.0,3.0
2638,4.0,2.0,3.0,6.0,3.0,3.0
2639,4.0,3.0,3.0,3.0,3.0,3.0
2640,3.0,4.0,2.0,3.0,3.0,4.0
2641,4.0,3.0,2.0,3.0,3.0,3.0
2642,4.0,3.0,3.0,3.0,2.0,3.0
2643,4.0,3.0,3.0,3.0,3.0,4.0
2644,3.0,3.0,4.0,3.0,4.0,4.0
2645,9.0,4.0,2.0,6.0,3.0,4.0
2646,9.0,5.0,2.0,3.0,3.0,3.0
2647,7.0,2.0,3.0,2.0,3.0,4.0
2648,7.0,2.0,3.0,2.0,3.0,3.0
2649,3.0,2.0,3.0,3.0,3.0,2.0
2650,4.0,3.0,3.0,4.0,3.0,4.0
2651,3.0,4.0,2.0,4.0,3.0,3.0
2652,6.0,4.0,2.0,4.0,3.0,3.0
2653,6.0,4.0,2.0,5.0,3.0,3.0
2654,3.0,6.0,2.0,4.0,3.0,3.0
2655,4.0,4.0,3.0,4.0,3.0,3.0
2656,3.0,4.0,3.0,4.0,4.0,3.0
2657,3.0,4.0,3.0,2.0,4.0,3.0
2658,4.0,4.0,2.0,2.0,4.0,3.0
2659,4.0,4.0,3.0,3.0,4.0,4.0
2660,5.0,4.0,2.0,3.0,4.0,4.0
2661,7.0,3.0,5.0,4.0,4.0,4.0
2662,6.0,3.0,4.0,4.0,4.0,4.0
2663,4.0,3.0,2.0,3.0,4.0,3.0
2664,3.0,2.0,3.0,4.0,4.0,3.0
2665,7.0,3.0,2.0,4.0,3.0,3.0
2666,4.0,3.0,3.0,4.0,4.0,3.0
2667,6.0,4.0,3.0,5.0,4.0,3.0
2668,3.0,4.0,3.0,4.0,3.0,4.0
2669,6.0,3.0,2.0,4.0,4.0,3.0
2670,5.0,2.0,3.0,4.0,3.0,3.0
2671,5.0,3.0,3.0,4.0,3.0,4.0
2672,3.0,2.0,3.0,4.0,4.0,3.0
2673,10.0,2.0,3.0,3.0,4.0,4.0
2674,7.0,3.0,3.0,3.0,4.0,3.0
2675,7.0,3.0,4.0,4.0,4.0,4.0
2676,6.0,3.0,4.0,3.0,4.0,3.0
2677,8.0,3.0,4.0,3.0,4.0,3.0
2678,7.0,2.0,4.0,3.0,4.0,3.0
2679,4.0,3.0,5.0,3.0,4.0,3.0
2680,6.0,3.0,4.0,4.0,4.0,3.0
2681,9.0,3.0,4.0,3.0,4.0,7.0
2682,2.0,3.0,4.0,3.0,4.0,7.0
2683,3.0,3.0,4.0,3.0,4.0,4.0
2684,3.0,3.0,4.0,4.0,4.0,5.0
2685,3.0,3.0,4.0,4.0,4.0,5.0
2686,7.0,3.0,4.0,4.0,4.0,3.0
2687,6.0,3.0,4.0,3.0,3.0,3.0
2688,5.0,3.0,4.0,3.0,4.0,3.0
2689,6.0,3.0,3.0,3.0,4.0,10.0
2690,9.0,4.0,5.0,6.0,4.0,10.0
2691,9.0,3.0,5.0,3.0,4.0,3.0
2692,8.0,2.0,2.0,3.0,4.0,7.0
2693,4.0,3.0,2.0,3.0,5.0,10.0
2694,6.0,4.0,9.0,3.0,4.0,3.0
2695,8.0,4.0,5.0,3.0,4.0,3.0
2696,9.0,1.0,5.0,3.0,4.0,6.0
2697,9.0,3.0,5.0,3.0,4.0,10.0
2698,8.0,2.0,3.0,3.0,4.0,10.0
2699,4.0,3.0,3.0,3.0,4.0,9.0
2700,9.0,3.0,3.0,3.0,3.0,4.0
2701,8.0,3.0,4.0,6.0,4.0,2.0
2702,7.0,4.0,4.0,3.0,4.0,7.0
2703,6.0,3.0,5.0,3.0,3.0,6.0
2704,6.0,4.0,4.0,3.0,4.0,5.0
2705,5.0,4.0,4.0,3.0,5.0,10.0
2706,5.0,4.0,3.0,3.0,6.0,5.0
2707,5.0,4.0,4.0,3.0,4.0,8.0
2708,6.0,4.0,3.0,3.0,3.0,6.0
2709,4.0,4.0,6.0,5.0,4.0,5.0
2710,10.0,4.0,6.0,4.0,3.0,5.0
2711,2.0,4.0,3.0,4.0,3.0,5.0
2712,4.0,4.0,5.0,7.0,7.0,8.0
2713,2.0,4.0,2.0,6.0,6.0,7.0
2714,6.0,4.0,6.0,4.0,2.0,4.0
2715,4.0,4.0,2.0,2.0,3.0,3.0
2716,8.0,3.0,3.0,6.0,2.0,4.0
2717,5.0,4.0,3.0,3.0,2.0,3.0
2718,10.0,3.0,4.0,5.0,3.0,3.0
2719,2.0,4.0,4.0,3.0,2.0,10.0
2720,3.0,4.0,5.0,3.0,3.0,4.0
2721,3.0,4.0,5.0,3.0,2.0,3.0
2722,3.0,4.0,5.0,4.0,3.0,2.0
2723,3.0,4.0,5.0,3.0,3.0,3.0
2724,3.0,4.0,5.0,3.0,4.0,3.0
2725,3.0,4.0,5.0,4.0,5.0,3.0
2726,10.0,4.0,5.0,4.0,3.0,4.0
2727,3.0,4.0,4.0,3.0,4.0,6.0
2728,7.0,4.0,4.0,4.0,4.0,4.0
2729,6.0,4.0,4.0,4.0,7.0,2.0
2730,6.0,3.0,5.0,3.0,6.0,3.0
2731,5.0,3.0,2.0,3.0,5.0,2.0
2732,5.0,3.0,3.0,3.0,4.0,6.0
2733,3.0,2.0,7.0,3.0,9.0,6.0
2734,9.0,6.0,3.0,6.0,9.0,5.0
2735,3.0,4.0,4.0,3.0,7.0,4.0
2736,3.0,4.0,4.0,3.0,6.0,4.0
2737,3.0,4.0,5.0,5.0,5.0,4.0
2738,8.0,4.0,4.0,4.0,6.0,6.0
2739,3.0,5.0,4.0,3.0,4.0,5.0
2740,3.0,5.0,4.0,3.0,3.0,3.0
2741,3.0,4.0,4.0,4.0,3.0,5.0
2742,6.0,4.0,2.0,3.0,3.0,3.0
2743,3.0,4.0,9.0,3.0,3.0,5.0
2744,3.0,4.0,4.0,4.0,2.0,5.0
2745,3.0,4.0,3.0,6.0,2.0,4.0
2746,4.0,2.0,4.0,6.0,3.0,4.0
2747,4.0,3.0,3.0,8.0,3.0,3.0
2748,4.0,3.0,4.0,3.0,3.0,4.0
2749,3.0,4.0,3.0,7.0,2.0,3.0
2750,3.0,4.0,2.0,5.0,6.0,3.0
2751,4.0,3.0,3.0,4.0,6.0,4.0
2752,4.0,4.0,3.0,5.0,2.0,2.0
2753,4.0,5.0,3.0,6.0,9.0,3.0
2754,3.0,4.0,3.0,3.0,3.0,4.0
2755,3.0,5.0,4.0,5.0,3.0,4.0
2756,4.0,4.0,4.0,3.0,3.0,4.0
2757,8.0,4.0,2.0,4.0,3.0,4.0
2758,7.0,4.0,5.0,5.0,3.0,4.0
2759,6.0,4.0,4.0,2.0,3.0,4.0
2760,4.0,4.0,3.0,6.0,3.0,9.0
2761,4.0,3.0,3.0,3.0,4.0,4.0
2762,9.0,4.0,4.0,2.0,4.0,4.0
2763,4.0,3.0,3.0,3.0,4.0,4.0
2764,8.0,3.0,3.0,3.0,6.0,4.0
2765,6.0,2.0,4.0,3.0,5.0,4.0
2766,5.0,4.0,2.0,4.0,5.0,4.0
2767,5.0,3.0,4.0,3.0,7.0,3.0
2768,6.0,3.0,4.0,3.0,6.0,4.0
2769,5.0,4.0,4.0,3.0,4.0,5.0
2770,5.0,3.0,2.0,4.0,5.0,5.0
2771,3.0,4.0,4.0,3.0,6.0,4.0
2772,3.0,3.0,9.0,4.0,6.0,4.0
2773,3.0,3.0,10.0,3.0,4.0,4.0
2774,8.0,2.0,4.0,4.0,4.0,4.0
2775,3.0,6.0,4.0,3.0,4.0,3.0
2776,7.0,4.0,4.0,4.0,3.0,4.0
2777,3.0,4.0,7.0,4.0,3.0,3.0
2778,4.0,3.0,2.0,4.0,4.0,3.0
2779,4.0,2.0,2.0,4.0,4.0,5.0
2780,9.0,3.0,6.0,3.0,3.0,3.0
2781,4.0,2.0,6.0,4.0,4.0,4.0
2782,7.0,3.0,4.0,4.0,4.0,4.0
2783,8.0,3.0,2.0,4.0,3.0,3.0
2784,3.0,2.0,3.0,4.0,4.0,2.0
2785,5.0,2.0,3.0,5.0,3.0,4.0
2786,3.0,2.0,4.0,5.0,4.0,3.0
2787,5.0,2.0,3.0,5.0,4.0,3.0
2788,4.0,5.0,7.0,4.0,4.0,3.0
2789,4.0,3.0,2.0,5.0,4.0,4.0
2790,4.0,4.0,2.0,4.0,4.0,10.0
2791,3.0,4.0,2.0,5.0,4.0,4.0
2792,9.0,4.0,3.0,4.0,4.0,4.0
2793,8.0,3.0,3.0,5.0,4.0,4.0
2794,7.0,3.0,3.0,6.0,4.0,4.0
2795,2.0,6.0,3.0,7.0,4.0,3.0
2796,3.0,4.0,3.0,6.0,4.0,4.0
2797,4.0,3.0,3.0,6.0,4.0,4.0
2798,10.0,3.0,6.0,6.0,4.0,4.0
2799,4.0,3.0,9.0,6.0,4.0,8.0
2800,3.0,3.0,3.0,6.0,2.0,5.0
2801,6.0,4.0,7.0,6.0,9.0,4.0
2802,5.0,3.0,3.0,5.0,3.0,4.0
2803,5.0,3.0,3.0,6.0,3.0,4.0
2804,3.0,3.0,3.0,5.0,3.0,6.0
2805,2.0,3.0,4.0,6.0,4.0,6.0
2806,4.0,2.0,4.0,5.0,3.0,4.0
2807,4.0,3.0,4.0,5.0,3.0,9.0
2808,10.0,3.0,3.0,5.0,4.0,8.0
2809,8.0,2.0,4.0,5.0,4.0,7.0
2810,3.0,3.0,5.0,4.0,3.0,6.0
2811,7.0,3.0,4.0,4.0,4.0,6.0
2812,6.0,3.0,3.0,5.0,4.0,4.0
2813,4.0,3.0,6.0,3.0,4.0,3.0
2814,4.0,3.0,9.0,4.0,4.0,2.0
2815,4.0,3.0,8.0,3.0,4.0,3.0
2816,4.0,3.0,4.0,6.0,3.0,3.0
2817,6.0,10.0,4.0,6.0,3.0,4.0
2818,4.0,3.0,4.0,5.0,3.0,4.0
2819,2.0,3.0,4.0,6.0,3.0,3.0
2820,2.0,2.0,4.0,5.0,3.0,3.0
2821,3.0,3.0,3.0,4.0,3.0,4.0
2822,4.0,4.0,3.0,6.0,3.0,3.0
2823,4.0,4.0,4.0,5.0,4.0,8.0
2824,2.0,3.0,3.0,5.0,3.0,3.0
2825,3.0,3.0,4.0,4.0,8.0,9.0
2826,3.0,3.0,4.0,8.0,7.0,6.0
2827,3.0,3.0,5.0,7.0,4.0,10.0
2828,4.0,2.0,3.0,3.0,3.0,3.0
2829,4.0,9.0,3.0,6.0,3.0,5.0
2830,4.0,4.0,3.0,9.0,3.0,7.0
2831,4.0,4.0,4.0,9.0,5.0,6.0
2832,4.0,4.0,4.0,8.0,5.0,5.0
2833,5.0,3.0,4.0,9.0,2.0,4.0
2834,4.0,3.0,4.0,7.0,3.0,4.0
2835,4.0,3.0,4.0,5.0,7.0,3.0
2836,4.0,3.0,4.0,7.0,6.0,4.0
2837,4.0,3.0,4.0,4.0,5.0,3.0
2838,3.0,3.0,4.0,5.0,3.0,2.0
2839,5.0,3.0,4.0,4.0,2.0,4.0
2840,4.0,3.0,3.0,5.0,3.0,5.0
2841,5.0,3.0,2.0,3.0,3.0,4.0
2842,5.0,3.0,5.0,4.0,6.0,8.0
2843,5.0,3.0,3.0,7.0,3.0,7.0
2844,3.0,3.0,3.0,3.0,4.0,6.0
2845,5.0,3.0,3.0,5.0,9.0,4.0
2846,3.0,3.0,4.0,3.0,7.0,4.0
2847,6.0,3.0,4.0,3.0,6.0,5.0
2848,4.0,3.0,4.0,4.0,3.0,7.0
2849,3.0,3.0,4.0,4.0,3.0,7.0
2850,8.0,3.0,5.0,4.0,3.0,3.0
2851,8.0,3.0,4.0,4.0,3.0,3.0
2852,3.0,3.0,4.0,4.0,3.0,3.0
2853,5.0,3.0,4.0,4.0,5.0,3.0
2854,3.0,3.0,5.0,4.0,3.0,3.0
2855,4.0,6.0,3.0,4.0,2.0,3.0
2856,3.0,5.0,4.0,4.0,2.0,3.0
2857,4.0,4.0,4.0,4.0,2.0,3.0
2858,5.0,3.0,4.0,4.0,8.0,9.0
2859,4.0,3.0,3.0,5.0,2.0,8.0
2860,5.0,3.0,3.0,4.0,4.0,8.0
2861,4.0,4.0,3.0,4.0,7.0,6.0
2862,7.0,2.0,4.0,4.0,6.0,5.0
2863,5.0,4.0,3.0,3.0,2.0,8.0
2864,4.0,4.0,3.0,6.0,2.0,2.0
2865,3.0,3.0,4.0,3.0,2.0,3.0
2866,3.0,2.0,3.0,5.0,7.0,3.0
2867,4.0,6.0,4.0,3.0,6.0,2.0
2868,4.0,6.0,3.0,8.0,3.0,3.0
2869,4.0,2.0,4.0,6.0,7.0,3.0
2870,4.0,2.0,3.0,5.0,2.0,3.0
2871,3.0,2.0,4.0,5.0,4.0,3.0
2872,2.0,3.0,4.0,8.0,3.0,3.0
2873,5.0,3.0,4.0,7.0,3.0,3.0
2874,7.0,3.0,4.0,6.0,4.0,3.0
2875,5.0,3.0,4.0,6.0,3.0,4.0
2876,4.0,3.0,5.0,5.0,4.0,5.0
2877,4.0,3.0,3.0,3.0,4.0,5.0
2878,3.0,4.0,3.0,4.0,4.0,5.0
2879,3.0,4.0,3.0,3.0,7.0,5.0
2880,2.0,5.0,4.0,3.0,6.0,5.0
2881,3.0,5.0,4.0,3.0,3.0,5.0
2882,3.0,4.0,3.0,4.0,3.0,5.0
2883,5.0,4.0,2.0,3.0,3.0,5.0
2884,3.0,3.0,3.0,3.0,8.0,4.0
2885,3.0,4.0,2.0,5.0,6.0,5.0
2886,5.0,6.0,2.0,3.0,5.0,5.0
2887,4.0,4.0,3.0,6.0,3.0,5.0
2888,5.0,4.0,4.0,10.0,3.0,5.0
2889,4.0,4.0,5.0,6.0,4.0,5.0
2890,4.0,3.0,2.0,6.0,7.0,4.0
2891,4.0,3.0,3.0,6.0,9.0,4.0
2892,4.0,3.0,3.0,5.0,7.0,4.0
2893,3.0,5.0,4.0,8.0,1.0,4.0
2894,4.0,6.0,4.0,7.0,4.0,4.0
2895,5.0,4.0,4.0,6.0,3.0,4.0
2896,3.0,5.0,4.0,4.0,3.0,4.0
2897,4.0,5.0,4.0,7.0,2.0,4.0
2898,2.0,5.0,4.0,3.0,2.0,4.0
2899,3.0,4.0,4.0,3.0,3.0,4.0
2900,6.0,5.0,4.0,4.0,4.0,3.0
2901,9.0,5.0,5.0,4.0,5.0,3.0
2902,7.0,5.0,5.0,4.0,7.0,3.0
2903,6.0,5.0,5.0,3.0,4.0,3.0
2904,5.0,4.0,4.0,3.0,7.0,3.0
2905,4.0,3.0,4.0,6.0,5.0,3.0
2906,4.0,4.0,4.0,6.0,4.0,6.0
2907,4.0,4.0,4.0,4.0,4.0,2.0
2908,4.0,4.0,4.0,3.0,7.0,6.0
2909,4.0,4.0,5.0,3.0,6.0,2.0
2910,4.0,4.0,4.0,6.0,7.0,2.0
2911,4.0,4.0,4.0,5.0,6.0,3.0
2912,5.0,4.0,4.0,10.0,4.0,3.0
2913,5.0,4.0,4.0,3.0,4.0,3.0
2914,3.0,4.0,4.0,2.0,6.0,3.0
2915,6.0,4.0,4.0,6.0,4.0,3.0
2916,4.0,3.0,5.0,4.0,5.0,3.0
2917,4.0,3.0,4.0,9.0,4.0,3.0
2918,3.0,6.0,3.0,4.0,4.0,3.0
2919,9.0,3.0,3.0,9.0,4.0,3.0
2920,7.0,3.0,6.0,4.0,4.0,3.0
2921,6.0,4.0,4.0,4.0,4.0,4.0
2922,3.0,4.0,2.0,2.0,4.0,4.0
2923,4.0,4.0,3.0,3.0,6.0,4.0
2924,3.0,4.0,4.0,3.0,4.0,5.0
2925,3.0,4.0,3.0,3.0,4.0,4.0
2926,4.0,4.0,3.0,3.0,4.0,4.0
2927,3.0,4.0,2.0,3.0,5.0,6.0
2928,3.0,4.0,3.0,3.0,3.0,6.0
2929,4.0,4.0,3.0,3.0,4.0,6.0
2930,4.0,3.0,3.0,3.0,4.0,5.0
2931,3.0,3.0,5.0,3.0,4.0,6.0
2932,3.0,9.0,4.0,3.0,4.0,7.0
2933,3.0,4.0,4.0,2.0,3.0,6.0
2934,3.0,4.0,4.0,3.0,3.0,7.0
2935,4.0,4.0,4.0,3.0,4.0,7.0
2936,4.0,4.0,3.0,6.0,3.0,6.0
2937,4.0,3.0,3.0,9.0,3.0,7.0
2938,4.0,4.0,3.0,7.0,3.0,6.0
2939,3.0,3.0,4.0,9.0,4.0,6.0
2940,4.0,6.0,4.0,3.0,3.0,7.0
2941,3.0,4.0,9.0,6.0,3.0,4.0
2942,4.0,3.0,9.0,8.0,3.0,5.0
2943,4.0,2.0,4.0,9.0,3.0,6.0
2944,4.0,7.0,2.0,6.0,4.0,6.0
2945,5.0,2.0,3.0,7.0,4.0,6.0
2946,4.0,3.0,3.0,8.0,3.0,7.0
2947,4.0,10.0,2.0,7.0,4.0,6.0
2948,4.0,8.0,2.0,5.0,4.0,6.0
2949,5.0,3.0,4.0,5.0,4.0,4.0
2950,4.0,4.0,4.0,10.0,4.0,3.0
2951,9.0,4.0,4.0,9.0,4.0,6.0
2952,3.0,3.0,3.0,9.0,4.0,3.0
2953,4.0,4.0,3.0,6.0,3.0,5.0
2954,4.0,2.0,3.0,5.0,3.0,7.0
2955,7.0,4.0,3.0,8.0,3.0,6.0
2956,6.0,3.0,3.0,5.0,3.0,7.0
2957,5.0,3.0,4.0,8.0,3.0,7.0
2958,6.0,4.0,3.0,9.0,4.0,7.0
2959,9.0,3.0,4.0,7.0,3.0,7.0
2960,8.0,3.0,4.0,3.0,6.0,7.0
2961,4.0,4.0,3.0,3.0,3.0,6.0
2962,4.0,4.0,5.0,3.0,8.0,5.0
2963,5.0,4.0,2.0,3.0,7.0,5.0
2964,4.0,4.0,4.0,3.0,6.0,6.0
2965,3.0,4.0,6.0,7.0,3.0,5.0
2966,5.0,4.0,3.0,4.0,4.0,5.0
2967,5.0,3.0,3.0,3.0,9.0,5.0
2968,6.0,4.0,3.0,3.0,9.0,5.0
2969,5.0,4.0,2.0,6.0,8.0,5.0
2970,4.0,4.0,5.0,6.0,3.0,5.0
2971,2.0,3.0,3.0,4.0,6.0,5.0
2972,3.0,3.0,3.0,6.0,3.0,5.0
2973,6.0,3.0,3.0,4.0,3.0,5.0
2974,5.0,3.0,2.0,6.0,3.0,4.0
2975,5.0,8.0,2.0,5.0,2.0,4.0
2976,4.0,7.0,3.0,6.0,3.0,4.0
2977,4.0,4.0,3.0,5.0,4.0,7.0
2978,5.0,2.0,3.0,6.0,2.0,5.0
2979,4.0,3.0,8.0,3.0,2.0,4.0
2980,4.0,3.0,3.0,4.0,3.0,5.0
2981,4.0,3.0,6.0,4.0,3.0,4.0
2982,3.0,3.0,2.0,2.0,2.0,10.0
2983,5.0,3.0,3.0,4.0,3.0,5.0
2984,6.0,3.0,3.0,4.0,3.0,4.0
2985,4.0,3.0,4.0,3.0,3.0,4.0
2986,4.0,3.0,6.0,3.0,3.0,3.0
2987,9.0,3.0,3.0,3.0,3.0,3.0
2988,8.0,4.0,4.0,3.0,3.0,3.0
2989,5.0,3.0,7.0,3.0,4.0,5.0
2990,2.0,3.0,3.0,6.0,3.0,3.0
2991,4.0,3.0,7.0,2.0,3.0,10.0
2992,2.0,4.0,6.0,3.0,3.0,3.0
2993,4.0,4.0,3.0,3.0,3.0,3.0
2994,2.0,2.0,6.0,3.0,3.0,3.0
2995,2.0,3.0,9.0,7.0,4.0,6.0
2996,3.0,3.0,3.0,5.0,7.0,3.0
2997,3.0,3.0,7.0,2.0,4.0,8.0
2998,3.0,2.0,4.0,4.0,6.0,3.0
2999,3.0,3.0,4.0,3.0,5.0,3.0
3000,3.0,2.0,2.0,3.0,3.0,7.0
3001,4.0,4.0,3.0,3.0,3.0,8.0
3002,4.0,4.0,3.0,4.0,4.0,5.0
3003,10.0,3.0,3.0,9.0,3.0,6.0
3004,10.0,3.0,3.0,3.0,2.0,4.0
3005,8.0,3.0,3.0,3.0,3.0,3.0
3006,7.0,3.0,5.0,3.0,4.0,3.0
3007,6.0,4.0,3.0,4.0,3.0,10.0
3008,5.0,2.0,4.0,3.0,3.0,9.0
3009,2.0,4.0,2.0,4.0,9.0,10.0
3010,2.0,4.0,4.0,7.0,3.0,9.0
3011,4.0,4.0,2.0,3.0,3.0,9.0
3012,2.0,7.0,3.0,6.0,9.0,6.0
3013,2.0,5.0,4.0,5.0,3.0,8.0
3014,2.0,3.0,4.0,4.0,3.0,4.0
3015,2.0,3.0,4.0,4.0,7.0,4.0
3016,2.0,3.0,2.0,5.0,6.0,6.0
3017,2.0,3.0,3.0,4.0,6.0,3.0
3018,3.0,3.0,2.0,6.0,2.0,4.0
3019,3.0,4.0,3.0,5.0,3.0,3.0
3020,6.0,3.0,2.0,5.0,3.0,3.0
3021,5.0,3.0,2.0,5.0,2.0,6.0
3022,5.0,4.0,2.0,9.0,10.0,8.0
3023,3.0,9.0,4.0,9.0,9.0,7.0
3024,6.0,2.0,2.0,6.0,8.0,6.0
3025,2.0,5.0,2.0,3.0,6.0,5.0
3026,3.0,4.0,2.0,3.0,6.0,3.0
3027,3.0,3.0,6.0,3.0,5.0,2.0
3028,4.0,4.0,2.0,3.0,5.0,3.0
3029,4.0,3.0,3.0,3.0,4.0,3.0
3030,4.0,3.0,3.0,6.0,4.0,5.0
3031,4.0,3.0,3.0,6.0,8.0,3.0
3032,4.0,3.0,3.0,5.0,4.0,3.0
3033,9.0,2.0,3.0,5.0,8.0,3.0
3034,8.0,2.0,3.0,4.0,6.0,7.0
3035,2.0,4.0,4.0,4.0,4.0,3.0
3036,3.0,3.0,3.0,4.0,2.0,4.0
3037,3.0,2.0,3.0,4.0,3.0,4.0
3038,3.0,3.0,4.0,4.0,3.0,4.0
3039,3.0,4.0,3.0,4.0,3.0,8.0
3040,3.0,4.0,4.0,3.0,3.0,4.0
3041,3.0,2.0,3.0,5.0,3.0,6.0
3042,3.0,2.0,3.0,4.0,4.0,10.0
3043,3.0,2.0,4.0,4.0,3.0,10.0
3044,3.0,6.0,4.0,5.0,3.0,10.0
3045,3.0,4.0,4.0,5.0,3.0,6.0
3046,2.0,4.0,4.0,4.0,7.0,6.0
3047,3.0,4.0,2.0,5.0,3.0,8.0
3048,3.0,4.0,4.0,4.0,3.0,4.0
3049,3.0,7.0,2.0,5.0,3.0,10.0
3050,4.0,4.0,2.0,5.0,3.0,3.0
3051,3.0,4.0,2.0,4.0,3.0,4.0
3052,3.0,3.0,2.0,4.0,3.0,4.0
3053,3.0,3.0,4.0,4.0,3.0,3.0
3054,3.0,4.0,3.0,4.0,3.0,5.0
3055,4.0,4.0,3.0,4.0,3.0,4.0
3056,4.0,4.0,4.0,5.0,4.0,3.0
3057,4.0,5.0,4.0,5.0,4.0,3.0
3058,3.0,5.0,2.0,4.0,4.0,8.0
3059,4.0,5.0,3.0,4.0,3.0,4.0
3060,4.0,6.0,3.0,4.0,3.0,6.0
3061,7.0,3.0,3.0,4.0,3.0,4.0
3062,3.0,3.0,5.0,3.0,3.0,7.0
3063,2.0,3.0,5.0,4.0,4.0,7.0
3064,5.0,5.0,3.0,4.0,4.0,3.0
3065,4.0,5.0,4.0,4.0,4.0,3.0
3066,4.0,5.0,4.0,4.0,4.0,4.0
3067,5.0,6.0,4.0,5.0,4.0,4.0
3068,5.0,5.0,4.0,5.0,4.0,4.0
3069,5.0,5.0,5.0,5.0,4.0,3.0
3070,5.0,5.0,2.0,4.0,4.0,3.0
3071,5.0,3.0,3.0,5.0,4.0,4.0
3072,5.0,3.0,2.0,4.0,4.0,4.0
3073,4.0,3.0,2.0,5.0,7.0,3.0
3074,3.0,3.0,4.0,5.0,6.0,7.0
3075,4.0,4.0,4.0,5.0,4.0,5.0
3076,4.0,3.0,4.0,4.0,4.0,4.0
3077,3.0,3.0,3.0,4.0,3.0,8.0
3078,4.0,3.0,4.0,5.0,4.0,8.0
3079,3.0,3.0,3.0,5.0,7.0,2.0
3080,7.0,3.0,2.0,4.0,8.0,3.0
3081,4.0,5.0,4.0,4.0,6.0,3.0
3082,4.0,5.0,4.0,5.0,6.0,7.0
3083,4.0,3.0,2.0,4.0,5.0,5.0
3084,5.0,3.0,3.0,4.0,10.0,5.0
3085,5.0,4.0,4.0,4.0,10.0,4.0
3086,4.0,3.0,6.0,3.0,6.0,8.0
3087,4.0,3.0,2.0,3.0,6.0,7.0
3088,4.0,3.0,10.0,6.0,3.0,7.0
3089,4.0,7.0,4.0,3.0,4.0,3.0
3090,4.0,6.0,2.0,3.0,4.0,2.0
3091,4.0,6.0,2.0,3.0,2.0,3.0
3092,4.0,3.0,2.0,3.0,3.0,4.0
3093,4.0,5.0,2.0,3.0,2.0,5.0
3094,3.0,4.0,2.0,3.0,10.0,6.0
3095,3.0,4.0,5.0,3.0,2.0,9.0
3096,3.0,5.0,3.0,4.0,4.0,7.0
3097,4.0,5.0,2.0,3.0,2.0,8.0
3098,4.0,4.0,3.0,3.0,4.0,7.0
3099,4.0,4.0,3.0,3.0,7.0,8.0
3100,7.0,3.0,3.0,4.0,6.0,6.0
3101,6.0,4.0,6.0,3.0,5.0,7.0
3102,4.0,3.0,4.0,3.0,10.0,6.0
3103,4.0,5.0,3.0,3.0,3.0,6.0
3104,4.0,5.0,5.0,4.0,8.0,6.0
3105,4.0,4.0,5.0,4.0,3.0,6.0
3106,4.0,4.0,4.0,6.0,7.0,5.0
3107,3.0,4.0,6.0,3.0,4.0,5.0
3108,6.0,5.0,5.0,6.0,5.0,6.0
3109,4.0,5.0,5.0,4.0,9.0,6.0
3110,6.0,6.0,4.0,2.0,2.0,6.0
3111,3.0,6.0,6.0,3.0,3.0,5.0
3112,4.0,7.0,3.0,2.0,6.0,5.0
3113,4.0,4.0,4.0,3.0,3.0,5.0
3114,4.0,4.0,3.0,3.0,3.0,4.0
3115,5.0,4.0,4.0,3.0,8.0,4.0
3116,4.0,5.0,2.0,3.0,3.0,2.0
3117,4.0,4.0,2.0,3.0,4.0,3.0
3118,4.0,3.0,2.0,3.0,3.0,3.0
3119,3.0,3.0,2.0,5.0,2.0,3.0
3120,3.0,3.0,2.0,3.0,7.0,4.0
3121,4.0,3.0,3.0,3.0,5.0,4.0
3122,5.0,3.0,3.0,3.0,3.0,4.0
3123,10.0,3.0,2.0,3.0,5.0,3.0
3124,10.0,3.0,3.0,3.0,5.0,3.0
3125,2.0,3.0,2.0,4.0,5.0,3.0
3126,7.0,3.0,3.0,6.0,7.0,2.0
3127,2.0,3.0,2.0,4.0,2.0,4.0
3128,3.0,3.0,2.0,3.0,4.0,4.0
3129,3.0,3.0,2.0,3.0,6.0,4.0
3130,3.0,3.0,4.0,3.0,6.0,3.0
3131,4.0,3.0,2.0,3.0,3.0,5.0
3132,4.0,3.0,2.0,4.0,5.0,3.0
3134,4.0,4.0,3.0,3.0,8.0,3.0
3135,4.0,4.0,2.0,3.0,6.0,3.0
3136,5.0,5.0,3.0,4.0,6.0,3.0
3137,5.0,4.0,3.0,3.0,3.0,4.0
3138,5.0,4.0,3.0,3.0,2.0,3.0
3139,4.0,4.0,3.0,3.0,7.0,5.0
3140,7.0,5.0,3.0,3.0,2.0,3.0
3141,5.0,5.0,3.0,3.0,2.0,4.0
3142,4.0,4.0,4.0,3.0,3.0,2.0
3143,5.0,4.0,3.0,3.0,3.0,4.0
3144,5.0,6.0,3.0,3.0,3.0,2.0
3145,4.0,6.0,3.0,3.0,4.0,2.0
3146,5.0,7.0,3.0,3.0,4.0,2.0
3147,3.0,7.0,2.0,3.0,3.0,6.0
3148,4.0,6.0,3.0,3.0,3.0,5.0
3149,5.0,6.0,2.0,3.0,3.0,5.0
3150,3.0,6.0,10.0,3.0,3.0,3.0
3151,4.0,5.0,3.0,7.0,2.0,2.0
3152,4.0,5.0,5.0,6.0,3.0,5.0
3153,4.0,5.0,3.0,6.0,3.0,5.0
3154,4.0,5.0,5.0,5.0,2.0,3.0
3155,4.0,5.0,3.0,4.0,2.0,2.0
3156,4.0,5.0,3.0,4.0,3.0,2.0
3157,3.0,4.0,3.0,7.0,2.0,2.0
3158,4.0,4.0,3.0,4.0,3.0,3.0
3159,4.0,5.0,3.0,4.0,3.0,3.0
3160,4.0,4.0,4.0,6.0,3.0,3.0
3161,10.0,4.0,4.0,3.0,6.0,3.0
3162,4.0,4.0,4.0,2.0,2.0,3.0
3163,3.0,4.0,4.0,6.0,3.0,3.0
3164,3.0,4.0,4.0,6.0,3.0,3.0
3165,3.0,4.0,4.0,10.0,3.0,3.0
3166,8.0,4.0,4.0,9.0,3.0,4.0
3167,3.0,4.0,4.0,4.0,2.0,5.0
3168,3.0,3.0,4.0,6.0,3.0,4.0
3169,3.0,4.0,4.0,6.0,3.0,3.0
3170,3.0,3.0,4.0,5.0,3.0,3.0
3171,3.0,3.0,4.0,9.0,3.0,3.0
3172,2.0,3.0,4.0,9.0,3.0,3.0
3173,3.0,3.0,3.0,7.0,2.0,3.0
3174,7.0,4.0,3.0,6.0,3.0,3.0
3175,6.0,4.0,4.0,5.0,2.0,4.0
3176,5.0,4.0,4.0,2.0,3.0,4.0
3177,4.0,4.0,4.0,8.0,3.0,4.0
3178,4.0,3.0,4.0,4.0,3.0,4.0
3179,4.0,3.0,4.0,9.0,3.0,3.0
3180,3.0,4.0,3.0,8.0,3.0,3.0
3181,3.0,2.0,4.0,3.0,3.0,3.0
3182,9.0,10.0,4.0,5.0,3.0,4.0
3183,3.0,2.0,4.0,8.0,3.0,4.0
3184,4.0,3.0,5.0,4.0,3.0,4.0
3185,5.0,3.0,4.0,3.0,2.0,4.0
3186,4.0,3.0,4.0,3.0,3.0,4.0
3187,4.0,3.0,4.0,4.0,2.0,4.0
3188,4.0,3.0,4.0,7.0,3.0,4.0
3189,4.0,3.0,4.0,6.0,2.0,4.0
3190,4.0,3.0,4.0,5.0,3.0,5.0
3191,3.0,3.0,2.0,5.0,2.0,4.0
3192,4.0,4.0,4.0,4.0,2.0,4.0
3193,4.0,4.0,3.0,6.0,2.0,4.0
3194,4.0,4.0,3.0,7.0,2.0,4.0
3195,2.0,4.0,6.0,6.0,3.0,4.0
3196,2.0,3.0,5.0,4.0,3.0,4.0
3197,6.0,4.0,4.0,9.0,3.0,4.0
3198,3.0,4.0,4.0,4.0,3.0,4.0
3199,4.0,6.0,4.0,7.0,3.0,4.0
3200,4.0,4.0,5.0,7.0,3.0,4.0
3201,3.0,5.0,4.0,4.0,3.0,4.0
3202,4.0,4.0,3.0,3.0,3.0,4.0
3203,4.0,5.0,4.0,2.0,3.0,4.0
3204,4.0,4.0,4.0,7.0,6.0,4.0
3205,4.0,4.0,5.0,3.0,2.0,4.0
3206,4.0,4.0,2.0,4.0,2.0,5.0
3207,4.0,3.0,2.0,3.0,2.0,4.0
3208,3.0,3.0,2.0,4.0,2.0,4.0
3209,3.0,3.0,3.0,7.0,2.0,5.0
3210,8.0,3.0,2.0,3.0,3.0,4.0
3211,3.0,3.0,3.0,4.0,2.0,3.0
3212,3.0,3.0,3.0,4.0,3.0,3.0
3213,5.0,3.0,4.0,4.0,3.0,3.0
3214,4.0,3.0,4.0,4.0,3.0,4.0
3215,3.0,3.0,4.0,3.0,3.0,4.0
3216,4.0,3.0,5.0,5.0,3.0,4.0
3217,4.0,3.0,4.0,4.0,3.0,3.0
3218,4.0,3.0,4.0,4.0,3.0,4.0
3219,5.0,8.0,4.0,4.0,3.0,4.0
3220,4.0,3.0,4.0,4.0,2.0,3.0
3221,3.0,3.0,2.0,4.0,7.0,3.0
3222,3.0,3.0,2.0,4.0,2.0,4.0
3223,3.0,4.0,2.0,5.0,5.0,4.0
3224,5.0,3.0,2.0,5.0,2.0,3.0
3225,2.0,3.0,2.0,4.0,9.0,3.0
3226,4.0,3.0,2.0,4.0,8.0,3.0
3227,9.0,2.0,3.0,4.0,6.0,3.0
3228,7.0,3.0,3.0,4.0,7.0,4.0
3229,6.0,3.0,2.0,3.0,3.0,4.0
3230,5.0,3.0,4.0,4.0,4.0,3.0
3231,2.0,3.0,4.0,3.0,4.0,3.0
3232,3.0,3.0,3.0,4.0,3.0,3.0
3233,6.0,2.0,3.0,4.0,4.0,4.0
3234,5.0,2.0,2.0,6.0,3.0,4.0
3235,4.0,2.0,3.0,10.0,10.0,2.0
3236,4.0,2.0,3.0,4.0,2.0,3.0
3237,9.0,3.0,2.0,3.0,7.0,2.0
3238,8.0,3.0,4.0,5.0,2.0,2.0
3239,4.0,3.0,3.0,3.0,2.0,3.0
3240,6.0,4.0,2.0,4.0,3.0,2.0
3241,4.0,3.0,3.0,3.0,3.0,2.0
3242,7.0,3.0,4.0,4.0,3.0,4.0
3243,10.0,2.0,3.0,4.0,3.0,6.0
3244,3.0,2.0,3.0,4.0,3.0,6.0
3245,7.0,6.0,2.0,4.0,3.0,4.0
3246,6.0,5.0,4.0,4.0,3.0,4.0
3247,4.0,2.0,5.0,3.0,2.0,4.0
3248,4.0,4.0,2.0,3.0,3.0,3.0
3249,3.0,9.0,3.0,3.0,3.0,4.0
3250,3.0,4.0,5.0,3.0,2.0,4.0
3251,3.0,7.0,4.0,3.0,4.0,3.0
3252,2.0,6.0,4.0,4.0,3.0,4.0
3253,5.0,3.0,4.0,4.0,3.0,5.0
3254,2.0,6.0,4.0,4.0,4.0,3.0
3255,4.0,3.0,3.0,4.0,4.0,4.0
3256,4.0,2.0,3.0,4.0,4.0,9.0
3257,4.0,3.0,2.0,4.0,5.0,6.0
3258,3.0,3.0,4.0,4.0,3.0,7.0
3259,4.0,4.0,3.0,4.0,2.0,6.0
3260,3.0,2.0,5.0,4.0,2.0,6.0
3261,4.0,2.0,3.0,4.0,3.0,9.0
3262,4.0,4.0,2.0,4.0,3.0,4.0
3263,4.0,2.0,4.0,8.0,3.0,7.0
3264,2.0,5.0,3.0,7.0,3.0,6.0
3265,9.0,3.0,3.0,6.0,3.0,5.0
3266,3.0,3.0,3.0,6.0,4.0,4.0
3267,4.0,3.0,2.0,3.0,3.0,4.0
3268,4.0,3.0,3.0,9.0,4.0,3.0
3269,4.0,3.0,3.0,3.0,4.0,4.0
3270,3.0,2.0,2.0,3.0,4.0,4.0
3271,4.0,3.0,2.0,3.0,3.0,5.0
3272,4.0,3.0,3.0,3.0,4.0,8.0
3273,8.0,3.0,4.0,3.0,4.0,7.0
3274,7.0,2.0,3.0,5.0,4.0,7.0
3275,5.0,3.0,3.0,3.0,3.0,7.0
3276,10.0,6.0,3.0,5.0,3.0,7.0
3277,9.0,6.0,3.0,3.0,3.0,7.0
3278,9.0,10.0,4.0,3.0,4.0,7.0
